AdSense Earnings Month,Channel ID,Revenue Source,Local Currency,Total Revenue By Source,US Sourced Revenue,Tax Withholding Rate,Tax Withheld Amount
202301,,Ads Revenue,HKD,112715.756468,4510.303922,30.00,1353.091177
202301,,Subscriptions Revenue - YouTube Premium / Music Premium,HKD,5642.273595,1806.835098,30.00,542.050529
202301,UC-Ud21m_xC-vALzXKrwXLSA,Ads Revenue,HKD,0.524923,0,15.00,0
202301,UC-Ud21m_xC-vALzXKrwXLSA,Subscriptions Revenue - YouTube Premium / Music Premium,HKD,0.000226,0,15.00,0
202301,UC-VOszTr2-lUCU0ao9nGCrg,Ads Revenue,HKD,10.869706,0.016544,15.00,0.002482
202301,UC-VOszTr2-lUCU0ao9nGCrg,Subscriptions Revenue - YouTube Premium / Music Premium,HKD,0.001218,0,15.00,0
202301,UC-XOfIF_ZKB0CL7DQsKD6Ew,Ads Revenue,HKD,59.956962,1.143337,15.00,0.171501
202301,UC-XOfIF_ZKB0CL7DQsKD6Ew,Subscriptions Revenue - YouTube Premium / Music Premium,HKD,0.098672,0.055057,15.00,0.008259
202301,UC-ZxkRb1N4azqXjpceWxQDg,Ads Revenue,HKD,8.344169,0.066706,24.00,2.002601
202301,UC-ZxkRb1N4azqXjpceWxQDg,Subscriptions Revenue - YouTube Premium / Music Premium,HKD,0.004705,0,24.00,0.001129
202301,UC05AamrMF6ZvFBlRaoTdjMw,Ads Revenue,HKD,26.48095,1.626381,15.00,0.243957
202301,UC05AamrMF6ZvFBlRaoTdjMw,Subscriptions Revenue - YouTube Premium / Music Premium,HKD,0.175687,0.019545,15.00,0.002932
202301,UC074n_ewNUh5J_AvR4Vb-wg,Ads Revenue,HKD,51.185069,0.175697,24.00,12.284417
202301,UC074n_ewNUh5J_AvR4Vb-wg,Subscriptions Revenue - YouTube Premium / Music Premium,HKD,0.006527,0.005058,24.00,0.001566
202301,UC0UrAp1aMfjAzOdQTtqQhVw,Ads Revenue,HKD,1028.3299,21.339937,15.00,3.200991
202301,UC0UrAp1aMfjAzOdQTtqQhVw,Subscriptions Revenue - YouTube Premium / Music Premium,HKD,0.778498,0.440492,15.00,0.066074
202301,UC0e_ZTByXBHS2SqXKqcEbtA,Ads Revenue,HKD,330.501606,2.890875,15.00,0.433631
202301,UC0e_ZTByXBHS2SqXKqcEbtA,Subscriptions Revenue - YouTube Premium / Music Premium,HKD,0.911311,0.596719,15.00,0.089508
202301,UC0irxaNi2VNwzgidRELpMkQ,Ads Revenue,HKD,564.355977,9.291933,15.00,1.39379
202301,UC0irxaNi2VNwzgidRELpMkQ,Subscriptions Revenue - YouTube Premium / Music Premium,HKD,3.131559,1.347878,15.00,0.202182
202301,UC0jFtqmESZKtNWHMvK6vo4A,Ads Revenue,HKD,4.085273,0.11438,15.00,0.017157
202301,UC0jFtqmESZKtNWHMvK6vo4A,Subscriptions Revenue - YouTube Premium / Music Premium,HKD,0.012603,0,15.00,0
202301,UC0oDXRNITzEVwFAa8hWA_3Q,Ads Revenue,HKD,152.286892,7.670541,15.00,1.150581
202301,UC0oDXRNITzEVwFAa8hWA_3Q,Subscriptions Revenue - YouTube Premium / Music Premium,HKD,1.835436,0.215223,15.00,0.032283
202301,UC0svBsOOyAMvO9v6pq2SqiA,Ads Revenue,HKD,107.018834,1.314087,15.00,0.197113
202301,UC0svBsOOyAMvO9v6pq2SqiA,Subscriptions Revenue - YouTube Premium / Music Premium,HKD,0.136998,0.097588,15.00,0.014638
202301,UC0sxnutqT1mrKhWqW8FQrKA,Ads Revenue,HKD,52.332895,2.950337,15.00,0.442551
202301,UC0sxnutqT1mrKhWqW8FQrKA,Subscriptions Revenue - YouTube Premium / Music Premium,HKD,0.708363,0.078472,15.00,0.011771
202301,UC0u0nlrFHzTdK0LQOTVnkRQ,Ads Revenue,HKD,5949.786977,54.379689,24.00,1427.948874
202301,UC0u0nlrFHzTdK0LQOTVnkRQ,Subscriptions Revenue - YouTube Premium / Music Premium,HKD,8.505482,3.80045,24.00,2.041316
202301,UC1Hs_fHfpobpn_D7brybqMA,Ads Revenue,HKD,48.830171,0.954965,15.00,0.143245
202301,UC1Hs_fHfpobpn_D7brybqMA,Subscriptions Revenue - YouTube Premium / Music Premium,HKD,0.03761,0.006872,15.00,0.001031
202301,UC1OVCVp7VnQClJqLNBUUGPA,Ads Revenue,HKD,35.482415,0.651143,15.00,0.097671
202301,UC1OVCVp7VnQClJqLNBUUGPA,Subscriptions Revenue - YouTube Premium / Music Premium,HKD,0.132699,0.0342,15.00,0.00513
202301,UC1RCnrPZUeRF3S-TnZl4O1g,Ads Revenue,HKD,27.690116,1.544408,15.00,0.231661
202301,UC1RCnrPZUeRF3S-TnZl4O1g,Subscriptions Revenue - YouTube Premium / Music Premium,HKD,0.074451,0,15.00,0
202301,UC1kaKqxyzZ8xC7YyHGftCFA,Ads Revenue,HKD,539.254951,9.304569,15.00,1.395685
202301,UC1kaKqxyzZ8xC7YyHGftCFA,Subscriptions Revenue - YouTube Premium / Music Premium,HKD,0.879131,0.430011,15.00,0.064502
202301,UC1nlgRoxnLe1rm7a4ZZV96w,Ads Revenue,HKD,56.331971,0.90186,15.00,0.135279
202301,UC1nlgRoxnLe1rm7a4ZZV96w,Subscriptions Revenue - YouTube Premium / Music Premium,HKD,0.112631,0.106604,15.00,0.015991
202301,UC1udBDCBATbUMw_TGsiA4SA,Ads Revenue,HKD,8.51088,0.118125,15.00,0.017719
202301,UC1udBDCBATbUMw_TGsiA4SA,Subscriptions Revenue - YouTube Premium / Music Premium,HKD,0.008231,0.0062,15.00,0.00093
202301,UC23PXs_pRNzBvrtTn8XE9ng,Ads Revenue,HKD,134.442585,1.92207,15.00,0.288311
202301,UC23PXs_pRNzBvrtTn8XE9ng,Subscriptions Revenue - YouTube Premium / Music Premium,HKD,0.166614,0.052805,15.00,0.007921
202301,UC27DshOutinF49DPhL3xR8g,Ads Revenue,HKD,300.810286,5.479299,15.00,0.821895
202301,UC27DshOutinF49DPhL3xR8g,Subscriptions Revenue - YouTube Premium / Music Premium,HKD,0.531504,0.302216,15.00,0.045332
202301,UC2XrtbGfp7UXLGwssdB1zyw,Ads Revenue,HKD,244.664556,91.629665,15.00,13.74445
202301,UC2XrtbGfp7UXLGwssdB1zyw,Subscriptions Revenue - YouTube Premium / Music Premium,HKD,5.578856,2.449463,15.00,0.367419
202301,UC2cnjdWaJ4rY4HZZFm5u7wQ,Ads Revenue,HKD,2.576774,0.015544,24.00,0.618426
202301,UC2cnjdWaJ4rY4HZZFm5u7wQ,Subscriptions Revenue - YouTube Premium / Music Premium,HKD,0.003588,0,24.00,0.000861
202301,UC2eiZ-2JDY9gZ98YiLIU4Mw,Ads Revenue,HKD,913.800684,16.847645,24.00,219.312164
202301,UC2eiZ-2JDY9gZ98YiLIU4Mw,Subscriptions Revenue - YouTube Premium / Music Premium,HKD,0.683146,0.620137,24.00,0.163955
202301,UC36Wz6XYDA5IaSWXMM6igJw,Ads Revenue,HKD,1.748339,0.020463,24.00,0.419601
202301,UC36Wz6XYDA5IaSWXMM6igJw,Subscriptions Revenue - YouTube Premium / Music Premium,HKD,0.000015,0,24.00,0.000004
202301,UC3DMQjPCqvCYZ2yliYFrFQQ,Ads Revenue,HKD,197.714841,4.768438,15.00,0.715266
202301,UC3DMQjPCqvCYZ2yliYFrFQQ,Subscriptions Revenue - YouTube Premium / Music Premium,HKD,0.278534,0.066446,15.00,0.009967
202301,UC3JEyYP-VFyu2dV00CvnN3w,Ads Revenue,HKD,6663.649385,100.574411,15.00,15.086162
202301,UC3JEyYP-VFyu2dV00CvnN3w,Subscriptions Revenue - YouTube Premium / Music Premium,HKD,6.390662,4.963577,15.00,0.744537
202301,UC3f0f_l-_8zjhyJVmEeyTlA,Ads Revenue,HKD,16.704728,0.206007,24.00,4.009135
202301,UC3f0f_l-_8zjhyJVmEeyTlA,Subscriptions Revenue - YouTube Premium / Music Premium,HKD,0.000172,0,24.00,0.000041
202301,UC3siui66wPZ-0JliOso34zA,Ads Revenue,HKD,14.402442,0.046954,15.00,0.007043
202301,UC3siui66wPZ-0JliOso34zA,Subscriptions Revenue - YouTube Premium / Music Premium,HKD,0.013131,0.010603,15.00,0.00159
202301,UC3wMlbPZtYqKGEb_MLURrcw,Ads Revenue,HKD,236.779134,3.844771,15.00,0.576716
202301,UC3wMlbPZtYqKGEb_MLURrcw,Subscriptions Revenue - YouTube Premium / Music Premium,HKD,0.257757,0.12846,15.00,0.019269
202301,UC4C47oWr8m4tEbXlXBvFX8A,Ads Revenue,HKD,58.746736,0.09218,15.00,0.013827
202301,UC4C47oWr8m4tEbXlXBvFX8A,Subscriptions Revenue - YouTube Premium / Music Premium,HKD,0.084508,0.019787,15.00,0.002968
202301,UC4b_e1rOfEZiZqJ7r4APgaQ,Ads Revenue,HKD,18.692195,0.249215,30.00,0.074765
202301,UC4b_e1rOfEZiZqJ7r4APgaQ,Subscriptions Revenue - YouTube Premium / Music Premium,HKD,0.021617,0,30.00,0
202301,UC4w9NkJLWMyuohviO_CEeEg,Ads Revenue,HKD,616.977837,76.787026,15.00,11.518054
202301,UC4w9NkJLWMyuohviO_CEeEg,Subscriptions Revenue - YouTube Premium / Music Premium,HKD,0.368173,0.354219,15.00,0.053133
202301,UC4xD8U4qWCPLr4Y7-YUzyEQ,Ads Revenue,HKD,1053.003989,20.569465,15.00,3.08542
202301,UC4xD8U4qWCPLr4Y7-YUzyEQ,Subscriptions Revenue - YouTube Premium / Music Premium,HKD,0.418062,0.032265,15.00,0.00484
202301,UC53R5XeB9OYjKmGL8VtiDDg,Ads Revenue,HKD,1.249148,0,15.00,0
202301,UC53R5XeB9OYjKmGL8VtiDDg,Subscriptions Revenue - YouTube Premium / Music Premium,HKD,0.002321,0,15.00,0
202301,UC58VyYQdq9xs-bwL1z10gMg,Ads Revenue,HKD,15.448269,0.168764,15.00,0.025315
202301,UC58VyYQdq9xs-bwL1z10gMg,Subscriptions Revenue - YouTube Premium / Music Premium,HKD,0.00985,0,15.00,0
202301,UC5CUE4gBZ1lfOCOeBFC7aqQ,Ads Revenue,HKD,35.529825,0.958007,15.00,0.143701
202301,UC5CUE4gBZ1lfOCOeBFC7aqQ,Subscriptions Revenue - YouTube Premium / Music Premium,HKD,0.049666,0.009015,15.00,0.001352
202301,UC5EEa00tABUqjLqbiuJC4jQ,Ads Revenue,HKD,5107.342601,51.761078,15.00,7.764162
202301,UC5EEa00tABUqjLqbiuJC4jQ,Subscriptions Revenue - YouTube Premium / Music Premium,HKD,3.272031,2.254071,15.00,0.338111
202301,UC5N3as6nfId161TnDIUvpWQ,Ads Revenue,HKD,25.747983,0.112229,15.00,0.016834
202301,UC5N3as6nfId161TnDIUvpWQ,Subscriptions Revenue - YouTube Premium / Music Premium,HKD,0.156863,0.045678,15.00,0.006852
202301,UC5VhVNBB5FJGd-edNNQPoaA,Ads Revenue,HKD,3723.590562,122.514005,15.00,18.377101
202301,UC5VhVNBB5FJGd-edNNQPoaA,Subscriptions Revenue - YouTube Premium / Music Premium,HKD,2.883329,0.44773,15.00,0.06716
202301,UC5bSu-TJRZ0DN6mEDZGas5g,Ads Revenue,HKD,153.150682,2.517052,15.00,0.377558
202301,UC5bSu-TJRZ0DN6mEDZGas5g,Subscriptions Revenue - YouTube Premium / Music Premium,HKD,0.229121,0.173618,15.00,0.026043
202301,UC5lQzZ3RvWAbGJvNuFpU1sg,Ads Revenue,HKD,9.636512,0.242492,24.00,2.312763
202301,UC5lQzZ3RvWAbGJvNuFpU1sg,Subscriptions Revenue - YouTube Premium / Music Premium,HKD,0.013353,0.006779,24.00,0.003205
202301,UC5oTOEtcCcjgS5nCAWd6itA,Ads Revenue,HKD,88.341311,10.569866,15.00,1.58548
202301,UC5oTOEtcCcjgS5nCAWd6itA,Subscriptions Revenue - YouTube Premium / Music Premium,HKD,13.952141,0.900395,15.00,0.135059
202301,UC5oTaFLOFlLNeAJt_dt5rBw,Ads Revenue,HKD,1653.698473,277.831376,15.00,41.674706
202301,UC5oTaFLOFlLNeAJt_dt5rBw,Subscriptions Revenue - YouTube Premium / Music Premium,HKD,71.95684,15.046344,15.00,2.256952
202301,UC5vwLxoTJgo856Gvi9ISELA,Ads Revenue,HKD,1133.178471,9.218275,15.00,1.382741
202301,UC5vwLxoTJgo856Gvi9ISELA,Subscriptions Revenue - YouTube Premium / Music Premium,HKD,7.401105,0.540828,15.00,0.081124
202301,UC5xBydHS6pta41BV4e7yZrg,Ads Revenue,HKD,207.24372,22.820006,15.00,3.423001
202301,UC5xBydHS6pta41BV4e7yZrg,Subscriptions Revenue - YouTube Premium / Music Premium,HKD,1.783403,0.730366,15.00,0.109555
202301,UC63i_nCHDcZRJ9QTN1YG3bA,Ads Revenue,HKD,723.123684,7.905724,15.00,1.185859
202301,UC63i_nCHDcZRJ9QTN1YG3bA,Subscriptions Revenue - YouTube Premium / Music Premium,HKD,0.739555,0.663069,15.00,0.09946
202301,UC6Hmu5ZGGT0H-dKwjbagrvg,Ads Revenue,HKD,10.33992,0.226018,24.00,2.481581
202301,UC6Hmu5ZGGT0H-dKwjbagrvg,Subscriptions Revenue - YouTube Premium / Music Premium,HKD,0.011468,0.005207,24.00,0.002752
202301,UC6_zv_QA9fLh_aNfcgGYJtg,Ads Revenue,HKD,13992.374541,136.214172,15.00,20.432126
202301,UC6_zv_QA9fLh_aNfcgGYJtg,Subscriptions Revenue - YouTube Premium / Music Premium,HKD,21.737853,2.493722,15.00,0.374058
202301,UC6iA4XFOISFYZz-fXfbcQzQ,Ads Revenue,HKD,21.462155,0.309979,24.00,5.150917
202301,UC6iA4XFOISFYZz-fXfbcQzQ,Subscriptions Revenue - YouTube Premium / Music Premium,HKD,0.018658,0.007271,24.00,0.004478
202301,UC6r2eGZ3-vuiNkQacVuAb0Q,Ads Revenue,HKD,899.061193,12.259313,15.00,1.838897
202301,UC6r2eGZ3-vuiNkQacVuAb0Q,Subscriptions Revenue - YouTube Premium / Music Premium,HKD,2.075536,0.413641,15.00,0.062046
202301,UC79cBZFEmbSeDGE0D9TyvKQ,Ads Revenue,HKD,8.938638,3.915881,15.00,0.587382
202301,UC79cBZFEmbSeDGE0D9TyvKQ,Subscriptions Revenue - YouTube Premium / Music Premium,HKD,0.287474,0.029571,15.00,0.004436
202301,UC7H2RuEqoyM-t3wZWopaOZw,Ads Revenue,HKD,3.559645,0,15.00,0
202301,UC7H2RuEqoyM-t3wZWopaOZw,Subscriptions Revenue - YouTube Premium / Music Premium,HKD,0.00014,0,15.00,0
202301,UC7NGZLKsXdUrFrUMZtBHxfw,Ads Revenue,HKD,44.422721,0.394528,30.00,0.118358
202301,UC7NGZLKsXdUrFrUMZtBHxfw,Subscriptions Revenue - YouTube Premium / Music Premium,HKD,0.024624,0.018529,30.00,0.005559
202301,UC7TXE0ydanjFl3gyzE3Vqjw,Ads Revenue,HKD,1525.952884,22.590447,15.00,3.388567
202301,UC7TXE0ydanjFl3gyzE3Vqjw,Subscriptions Revenue - YouTube Premium / Music Premium,HKD,0.999285,0.724856,15.00,0.108728
202301,UC7__9-u4hMCLckKnakUjx7Q,Ads Revenue,HKD,63.545877,1.477054,15.00,0.221558
202301,UC7__9-u4hMCLckKnakUjx7Q,Subscriptions Revenue - YouTube Premium / Music Premium,HKD,0.028314,0.023447,15.00,0.003517
202301,UC7c_Xhqzmw_zc8gcZRTOF2A,Ads Revenue,HKD,22.971962,0.245196,15.00,0.036779
202301,UC7c_Xhqzmw_zc8gcZRTOF2A,Subscriptions Revenue - YouTube Premium / Music Premium,HKD,0.001943,0,15.00,0
202301,UC7nknAfdx-DUbA-N4cNjWcw,Ads Revenue,HKD,0.817969,0.085816,15.00,0.012872
202301,UC7nknAfdx-DUbA-N4cNjWcw,Subscriptions Revenue - YouTube Premium / Music Premium,HKD,0.012814,0,15.00,0
202301,UC83OfBCo6LaykvWp3xQ7cEQ,Ads Revenue,HKD,2041.300577,15.797416,15.00,2.369612
202301,UC83OfBCo6LaykvWp3xQ7cEQ,Subscriptions Revenue - YouTube Premium / Music Premium,HKD,1.816283,0.874255,15.00,0.131138
202301,UC85lsuhpCbHVmFIkJ7zfNQQ,Ads Revenue,HKD,38.050879,1.229689,15.00,0.184453
202301,UC85lsuhpCbHVmFIkJ7zfNQQ,Subscriptions Revenue - YouTube Premium / Music Premium,HKD,0.169742,0.148333,15.00,0.02225
202301,UC8J5vMZhF_D0G46Bf6RCy9w,Ads Revenue,HKD,657.632729,16.449025,15.00,2.467354
202301,UC8J5vMZhF_D0G46Bf6RCy9w,Subscriptions Revenue - YouTube Premium / Music Premium,HKD,0.694769,0.464432,15.00,0.069665
202301,UC8LKSC206ogY9u-aqLLphzA,Ads Revenue,HKD,245.974527,4.394025,24.00,59.033886
202301,UC8LKSC206ogY9u-aqLLphzA,Subscriptions Revenue - YouTube Premium / Music Premium,HKD,0.202587,0.008007,24.00,0.048621
202301,UC8O7purVGEF5J3VSH2UZ8FQ,Ads Revenue,HKD,43.286856,4.774532,15.00,0.71618
202301,UC8O7purVGEF5J3VSH2UZ8FQ,Subscriptions Revenue - YouTube Premium / Music Premium,HKD,0.689665,0.086388,15.00,0.012958
202301,UC8ovyQkrdEZoVDRc-9gG0RA,Ads Revenue,HKD,4179.153821,52.82968,15.00,7.924452
202301,UC8ovyQkrdEZoVDRc-9gG0RA,Subscriptions Revenue - YouTube Premium / Music Premium,HKD,7.933806,6.177879,15.00,0.926682
202301,UC8pJz-xQxv9tD5vBgXwGjtA,Ads Revenue,HKD,8.174111,0.034193,15.00,0.005129
202301,UC8pJz-xQxv9tD5vBgXwGjtA,Subscriptions Revenue - YouTube Premium / Music Premium,HKD,0.001907,0.001227,15.00,0.000184
202301,UC93silNKul_L-3z4D14QyFQ,Ads Revenue,HKD,8.112512,0.435685,30.00,0.130706
202301,UC93silNKul_L-3z4D14QyFQ,Subscriptions Revenue - YouTube Premium / Music Premium,HKD,0.000554,0,30.00,0
202301,UC9GvVOhELOxXE2UNxyCkaOQ,Ads Revenue,HKD,47.125318,0.619285,15.00,0.092893
202301,UC9GvVOhELOxXE2UNxyCkaOQ,Subscriptions Revenue - YouTube Premium / Music Premium,HKD,0.110874,0.02714,15.00,0.004071
202301,UC9HCKkccndrqhKjpyWSeqmQ,Ads Revenue,HKD,78.618185,0.646111,15.00,0.096917
202301,UC9HCKkccndrqhKjpyWSeqmQ,Subscriptions Revenue - YouTube Premium / Music Premium,HKD,0.044206,0.029373,15.00,0.004406
202301,UC9_A4hRzi1Es8VQq9orhYXA,Ads Revenue,HKD,730.303897,11.395427,15.00,1.709314
202301,UC9_A4hRzi1Es8VQq9orhYXA,Subscriptions Revenue - YouTube Premium / Music Premium,HKD,0.525878,0.020423,15.00,0.003063
202301,UCAJcxMaiGu-cjzklR-63ojw,Ads Revenue,HKD,2878.014053,146.344104,15.00,21.951616
202301,UCAJcxMaiGu-cjzklR-63ojw,Subscriptions Revenue - YouTube Premium / Music Premium,HKD,156.96097,22.116425,15.00,3.317464
202301,UCAXScRGbkwGWlQttfHJmz2w,Ads Revenue,HKD,7.588662,0.049284,24.00,1.821279
202301,UCAXScRGbkwGWlQttfHJmz2w,Subscriptions Revenue - YouTube Premium / Music Premium,HKD,0.00408,0.003393,24.00,0.000979
202301,UCAmqw8rxR-Lelo_80g50w6A,Ads Revenue,HKD,2522.758289,26.795948,24.00,605.461989
202301,UCAmqw8rxR-Lelo_80g50w6A,Subscriptions Revenue - YouTube Premium / Music Premium,HKD,2.999702,2.020123,24.00,0.719928
202301,UCAwr9CGXt2fmFvMx57RJncQ,Ads Revenue,HKD,4065.671995,35.952429,15.00,5.392864
202301,UCAwr9CGXt2fmFvMx57RJncQ,Subscriptions Revenue - YouTube Premium / Music Premium,HKD,4.388363,0.468069,15.00,0.07021
202301,UCB0cK_bYXkLvSu6Ae_8NSGw,Ads Revenue,HKD,1836.274421,29.302516,15.00,4.395377
202301,UCB0cK_bYXkLvSu6Ae_8NSGw,Subscriptions Revenue - YouTube Premium / Music Premium,HKD,3.026993,0.961477,15.00,0.144222
202301,UCB7IuBnmK99ODbNFvMUnQxQ,Ads Revenue,HKD,30.811925,6.361018,15.00,0.954153
202301,UCB7IuBnmK99ODbNFvMUnQxQ,Subscriptions Revenue - YouTube Premium / Music Premium,HKD,0.118257,0.016465,15.00,0.00247
202301,UCB9vAtMtzP4frwhNs9SLbjA,Ads Revenue,HKD,18703.056392,151.931724,15.00,22.789759
202301,UCB9vAtMtzP4frwhNs9SLbjA,Subscriptions Revenue - YouTube Premium / Music Premium,HKD,37.84607,9.021418,15.00,1.353213
202301,UCBG4kszgtAGrSEsjJGWb-_Q,Ads Revenue,HKD,11.35676,0.663958,24.00,2.725622
202301,UCBG4kszgtAGrSEsjJGWb-_Q,Subscriptions Revenue - YouTube Premium / Music Premium,HKD,0.138085,0.035186,24.00,0.03314
202301,UCBKWD5uNfs2NLcj9iLF4FNA,Ads Revenue,HKD,328.222422,24.004918,15.00,3.600738
202301,UCBKWD5uNfs2NLcj9iLF4FNA,Subscriptions Revenue - YouTube Premium / Music Premium,HKD,1.897086,1.055771,15.00,0.158366
202301,UCBR-AfbHsBTjT7dzeEc2wLQ,Ads Revenue,HKD,59.5085,1.460977,15.00,0.219147
202301,UCBR-AfbHsBTjT7dzeEc2wLQ,Subscriptions Revenue - YouTube Premium / Music Premium,HKD,0.173856,0.134454,15.00,0.020168
202301,UCB_UAtjP2kc-F4GRyDuxSLw,Ads Revenue,HKD,843.995873,25.971882,15.00,3.895782
202301,UCB_UAtjP2kc-F4GRyDuxSLw,Subscriptions Revenue - YouTube Premium / Music Premium,HKD,5.553642,4.416462,15.00,0.662469
202301,UCBaDdUrpB2h43FCP6FqkXdA,Ads Revenue,HKD,8.762831,1.513416,15.00,0.227012
202301,UCBaDdUrpB2h43FCP6FqkXdA,Subscriptions Revenue - YouTube Premium / Music Premium,HKD,0.00082,0,15.00,0
202301,UCBcHx2kT4qX7hc682ZXYcYg,Ads Revenue,HKD,28.085685,4.247468,15.00,0.63712
202301,UCBcHx2kT4qX7hc682ZXYcYg,Subscriptions Revenue - YouTube Premium / Music Premium,HKD,0.18657,0.066405,15.00,0.009961
202301,UCC3x8ua6sGDQKdNPoAirnOQ,Ads Revenue,HKD,0.813029,0.036163,15.00,0.005424
202301,UCC3x8ua6sGDQKdNPoAirnOQ,Subscriptions Revenue - YouTube Premium / Music Premium,HKD,0.002107,0,15.00,0
202301,UCCJzn1xgK_fzwAz9ltWrpUg,Ads Revenue,HKD,117.672701,0.881211,15.00,0.132182
202301,UCCJzn1xgK_fzwAz9ltWrpUg,Subscriptions Revenue - YouTube Premium / Music Premium,HKD,0.154454,0.028453,15.00,0.004268
202301,UCD7_ZOukM5JVizYoRd7ol8Q,Ads Revenue,HKD,5576.494872,82.107571,15.00,12.316136
202301,UCD7_ZOukM5JVizYoRd7ol8Q,Subscriptions Revenue - YouTube Premium / Music Premium,HKD,3.712555,2.163086,15.00,0.324463
202301,UCDJr4jKpnUa00xyQFJSfzkA,Ads Revenue,HKD,1136.65763,17.353668,15.00,2.60305
202301,UCDJr4jKpnUa00xyQFJSfzkA,Subscriptions Revenue - YouTube Premium / Music Premium,HKD,6.292247,0.699566,15.00,0.104935
202301,UCDLY3PFieHyUitPOuCZZ5rA,Ads Revenue,HKD,1168.845578,10.748209,15.00,1.612231
202301,UCDLY3PFieHyUitPOuCZZ5rA,Subscriptions Revenue - YouTube Premium / Music Premium,HKD,1.321007,0.697867,15.00,0.10468
202301,UCDM5hmiqLI293QMYqQezuRA,Ads Revenue,HKD,2664.719075,41.856053,15.00,6.278408
202301,UCDM5hmiqLI293QMYqQezuRA,Subscriptions Revenue - YouTube Premium / Music Premium,HKD,1.678791,0.779951,15.00,0.116993
202301,UCDQPxrbfg4Cq4PE4AOGENCw,Ads Revenue,HKD,3.879828,0.024904,24.00,0.931159
202301,UCDQPxrbfg4Cq4PE4AOGENCw,Subscriptions Revenue - YouTube Premium / Music Premium,HKD,0.001219,0.000836,24.00,0.000293
202301,UCDYt-AVNOKKlTgUQNPS0TXg,Ads Revenue,HKD,255.8333,3.404272,15.00,0.510641
202301,UCDYt-AVNOKKlTgUQNPS0TXg,Subscriptions Revenue - YouTube Premium / Music Premium,HKD,0.967537,0.316658,15.00,0.047499
202301,UCD_OqFYD8K0amqfzAmDv9Ag,Ads Revenue,HKD,3597.160012,31.743408,15.00,4.761511
202301,UCD_OqFYD8K0amqfzAmDv9Ag,Subscriptions Revenue - YouTube Premium / Music Premium,HKD,2.850148,1.630284,15.00,0.244543
202301,UCDbeOc1NEC_5vVXk8GaVk5w,Ads Revenue,HKD,4644.397559,93.964274,15.00,14.094641
202301,UCDbeOc1NEC_5vVXk8GaVk5w,Subscriptions Revenue - YouTube Premium / Music Premium,HKD,3.010141,2.663025,15.00,0.399454
202301,UCDdANt7eNgnOsb2TbqudTQw,Ads Revenue,HKD,1356.170127,10.113663,15.00,1.517049
202301,UCDdANt7eNgnOsb2TbqudTQw,Subscriptions Revenue - YouTube Premium / Music Premium,HKD,0.177172,0,15.00,0
202301,UCDgWWJ5M0W0Bs_M4gzAXbmg,Ads Revenue,HKD,25.891258,0.676556,15.00,0.101483
202301,UCDgWWJ5M0W0Bs_M4gzAXbmg,Subscriptions Revenue - YouTube Premium / Music Premium,HKD,0.103514,0,15.00,0
202301,UCDt6pNReai8PfxKRowSrKsQ,Ads Revenue,HKD,63.525549,1.186233,15.00,0.177935
202301,UCDt6pNReai8PfxKRowSrKsQ,Subscriptions Revenue - YouTube Premium / Music Premium,HKD,0.185671,0.015558,15.00,0.002334
202301,UCDzRfU9T8DGotAxXbsXtbBw,Ads Revenue,HKD,747.789376,62.977504,15.00,9.446626
202301,UCDzRfU9T8DGotAxXbsXtbBw,Subscriptions Revenue - YouTube Premium / Music Premium,HKD,120.858615,106.352867,15.00,15.95293
202301,UCE8O2iPPCTKuhq3nE0HUcdA,Ads Revenue,HKD,1.763027,0.108227,15.00,0.016234
202301,UCEEFmjCx8ziAMKnCzRi16IA,Ads Revenue,HKD,38.686539,2.036216,24.00,9.284769
202301,UCEEFmjCx8ziAMKnCzRi16IA,Subscriptions Revenue - YouTube Premium / Music Premium,HKD,0.085195,0.050346,24.00,0.020447
202301,UCEODzMblOhiVIqaaF3SFmKw,Ads Revenue,HKD,40.932613,0.547214,15.00,0.082082
202301,UCEODzMblOhiVIqaaF3SFmKw,Subscriptions Revenue - YouTube Premium / Music Premium,HKD,0.049361,0.027538,15.00,0.004131
202301,UCEdOsBTBBZ7xo0sUl_xsTOA,Ads Revenue,HKD,46.114257,14.022196,15.00,2.103329
202301,UCEdOsBTBBZ7xo0sUl_xsTOA,Subscriptions Revenue - YouTube Premium / Music Premium,HKD,1.705746,0.676048,15.00,0.101407
202301,UCEdksQ_mQvi27CLlOqK-U3w,Ads Revenue,HKD,1251.424148,13.669572,24.00,300.341796
202301,UCEdksQ_mQvi27CLlOqK-U3w,Subscriptions Revenue - YouTube Premium / Music Premium,HKD,0.426137,0.159302,24.00,0.102273
202301,UCEjoV-HZ8Dqjy0zDnOJ1ImA,Ads Revenue,HKD,119.840413,3.062667,15.00,0.4594
202301,UCEjoV-HZ8Dqjy0zDnOJ1ImA,Subscriptions Revenue - YouTube Premium / Music Premium,HKD,1.048474,0.050182,15.00,0.007527
202301,UCF10AG_t1AYW3mlmX7g1VJA,Ads Revenue,HKD,14470.209884,0.223793,30.00,0.067138
202301,UCF10AG_t1AYW3mlmX7g1VJA,Subscriptions Revenue - YouTube Premium / Music Premium,HKD,117.671058,0.093139,30.00,0.027942
202301,UCFLLckcnc_d54ql-t4nnuxQ,Ads Revenue,HKD,221.999547,4.398406,15.00,0.659761
202301,UCFLLckcnc_d54ql-t4nnuxQ,Subscriptions Revenue - YouTube Premium / Music Premium,HKD,0.178812,0.11291,15.00,0.016937
202301,UCFMjGODyULqPdSmmbhnAoyA,Ads Revenue,HKD,504.066845,17.104733,15.00,2.56571
202301,UCFMjGODyULqPdSmmbhnAoyA,Subscriptions Revenue - YouTube Premium / Music Premium,HKD,1.112844,0.447193,15.00,0.067079
202301,UCFMjGODyULqPdSmmbhnAoyA,Transactions Revenue - Others,HKD,1.134113,0,15.00,0
202301,UCFMjGODyULqPdSmmbhnAoyA,Transactions Revenue - Others,HKD,3.344058,0,15.00,0
202301,UCFQo93_kjNKKV26coHLL3-g,Ads Revenue,HKD,63.273583,0.893439,15.00,0.134016
202301,UCFQo93_kjNKKV26coHLL3-g,Subscriptions Revenue - YouTube Premium / Music Premium,HKD,0.092355,0.011618,15.00,0.001743
202301,UCFZB5jpx9ellMmZ06qL0u9Q,Ads Revenue,HKD,9.124718,0.190484,24.00,2.189932
202301,UCFZB5jpx9ellMmZ06qL0u9Q,Subscriptions Revenue - YouTube Premium / Music Premium,HKD,0.211622,0.134864,24.00,0.050789
202301,UCFaYpD_B5Z5rKEfYy3xUC2g,Ads Revenue,HKD,11.022831,0.173073,30.00,0.051922
202301,UCFaYpD_B5Z5rKEfYy3xUC2g,Subscriptions Revenue - YouTube Premium / Music Premium,HKD,0.005827,0,30.00,0
202301,UCFcYJz7IVr0kApkh_s6Cq0Q,Ads Revenue,HKD,1.440179,0.031707,15.00,0.004756
202301,UCFgIvcUdeJm2JQVzMTHvb1A,Ads Revenue,HKD,76.210295,0.585587,15.00,0.087838
202301,UCFgIvcUdeJm2JQVzMTHvb1A,Subscriptions Revenue - YouTube Premium / Music Premium,HKD,0.059935,0.012025,15.00,0.001804
202301,UCFhiK1Yjv9cb8ATgfWJGS0A,Ads Revenue,HKD,5141.157795,66.821873,15.00,10.023281
202301,UCFhiK1Yjv9cb8ATgfWJGS0A,Subscriptions Revenue - YouTube Premium / Music Premium,HKD,8.475818,5.578911,15.00,0.836837
202301,UCFlv2Yym4C3AyhCKBTRN7gA,Ads Revenue,HKD,32.894719,0.018727,15.00,0.002809
202301,UCFlv2Yym4C3AyhCKBTRN7gA,Subscriptions Revenue - YouTube Premium / Music Premium,HKD,0.023624,0.002181,15.00,0.000327
202301,UCFmQ9yssTnK-Chy9XIE_f7g,Ads Revenue,HKD,2018.196493,323.519627,15.00,48.527944
202301,UCFmQ9yssTnK-Chy9XIE_f7g,Subscriptions Revenue - YouTube Premium / Music Premium,HKD,0.095121,0.004056,15.00,0.000608
202301,UCFxNPXRp3S1ATqDV3_nKm2g,Ads Revenue,HKD,40.215694,0.584749,15.00,0.087712
202301,UCFxNPXRp3S1ATqDV3_nKm2g,Subscriptions Revenue - YouTube Premium / Music Premium,HKD,0.073666,0.005066,15.00,0.00076
202301,UCFxOvZ5jLqeX3d5Znmv7UtA,Ads Revenue,HKD,3308.634837,29.913394,15.00,4.487009
202301,UCFxOvZ5jLqeX3d5Znmv7UtA,Subscriptions Revenue - YouTube Premium / Music Premium,HKD,2.104805,0.628227,15.00,0.094234
202301,UCG2kl7o-cRwADtH5emGR9rQ,Ads Revenue,HKD,1785.560225,11.629745,15.00,1.744462
202301,UCG2kl7o-cRwADtH5emGR9rQ,Subscriptions Revenue - YouTube Premium / Music Premium,HKD,18.691349,1.688608,15.00,0.253291
202301,UCGGLlVWr6dcJKR_GjdUy0Dg,Ads Revenue,HKD,10.8137,0.221606,15.00,0.033241
202301,UCGGLlVWr6dcJKR_GjdUy0Dg,Subscriptions Revenue - YouTube Premium / Music Premium,HKD,0.020314,0.020299,15.00,0.003045
202301,UCGMu1kZ0dfbVKZH3Ax3Sf3Q,Ads Revenue,HKD,10059.611008,145.177284,15.00,21.776593
202301,UCGMu1kZ0dfbVKZH3Ax3Sf3Q,Subscriptions Revenue - YouTube Premium / Music Premium,HKD,13.476684,8.901997,15.00,1.3353
202301,UCGt6zsbB0R8tfk_kawEJdqQ,Ads Revenue,HKD,108.853807,1.375749,15.00,0.206362
202301,UCGt6zsbB0R8tfk_kawEJdqQ,Subscriptions Revenue - YouTube Premium / Music Premium,HKD,0.070587,0.030438,15.00,0.004566
202301,UCHIfP4APromkupqIBfPz3gw,Ads Revenue,HKD,812.017891,27.397426,15.00,4.109614
202301,UCHIfP4APromkupqIBfPz3gw,Subscriptions Revenue - YouTube Premium / Music Premium,HKD,4.359498,0.655306,15.00,0.098296
202301,UCHWFWQbB2uP8bMltYVD3qlA,Ads Revenue,HKD,11.609696,0.061537,24.00,2.786327
202301,UCHWFWQbB2uP8bMltYVD3qlA,Subscriptions Revenue - YouTube Premium / Music Premium,HKD,0.026747,0.010767,24.00,0.006419
202301,UCHiuq2uuSBeoGRtj4QqDvMw,Ads Revenue,HKD,769.036561,207.343363,15.00,31.101504
202301,UCHiuq2uuSBeoGRtj4QqDvMw,Subscriptions Revenue - YouTube Premium / Music Premium,HKD,43.425879,17.525365,15.00,2.628805
202301,UCHiuq2uuSBeoGRtj4QqDvMw,Transactions Revenue - Others,HKD,1.134113,0,15.00,0
202301,UCHkK_opgAUT4V_dl7V_OLnw,Ads Revenue,HKD,2.028248,0,15.00,0
202301,UCHkK_opgAUT4V_dl7V_OLnw,Subscriptions Revenue - YouTube Premium / Music Premium,HKD,0.000476,0,15.00,0
202301,UCHwLP2d7N0j8y-lXqiCFM9g,Ads Revenue,HKD,17.219236,0.177975,24.00,4.132617
202301,UCHwLP2d7N0j8y-lXqiCFM9g,Subscriptions Revenue - YouTube Premium / Music Premium,HKD,0.011734,0.001618,24.00,0.002816
202301,UCI-IfZ7MVXo4XnaKCv9Viqg,Ads Revenue,HKD,2358.354913,133.271807,15.00,19.990771
202301,UCI-IfZ7MVXo4XnaKCv9Viqg,Subscriptions Revenue - YouTube Premium / Music Premium,HKD,15.877441,3.223354,15.00,0.483503
202301,UCI-IfZ7MVXo4XnaKCv9Viqg,Transactions Revenue - Others,HKD,0,0,15.00,0
202301,UCI04-B9qjtBS8cRvqavZ6Ig,Ads Revenue,HKD,467.950353,10.497843,15.00,1.574676
202301,UCI04-B9qjtBS8cRvqavZ6Ig,Subscriptions Revenue - YouTube Premium / Music Premium,HKD,0.642307,0.344224,15.00,0.051634
202301,UCI2TjCjFOc9LJ34n9HukUrA,Ads Revenue,HKD,272.609548,4.771277,15.00,0.715692
202301,UCI2TjCjFOc9LJ34n9HukUrA,Subscriptions Revenue - YouTube Premium / Music Premium,HKD,0.534715,0.177874,15.00,0.026681
202301,UCI8d3AQidTAniM7MqqhqPBg,Ads Revenue,HKD,8.020331,0.076363,24.00,1.924879
202301,UCI8d3AQidTAniM7MqqhqPBg,Subscriptions Revenue - YouTube Premium / Music Premium,HKD,0.005934,0.00588,24.00,0.001424
202301,UCIDu2LfIqRRxSefjfOnJltg,Ads Revenue,HKD,13322.063797,132.907691,15.00,19.936154
202301,UCIDu2LfIqRRxSefjfOnJltg,Subscriptions Revenue - YouTube Premium / Music Premium,HKD,18.973472,7.729104,15.00,1.159366
202301,UCIF3NXHSAkGED0x2sdivq0Q,Ads Revenue,HKD,28.692011,0.538724,15.00,0.080809
202301,UCIF3NXHSAkGED0x2sdivq0Q,Subscriptions Revenue - YouTube Premium / Music Premium,HKD,0.098677,0.023699,15.00,0.003555
202301,UCIfHM2pQj4QM5Qhvkp5LMFA,Ads Revenue,HKD,58.033604,0.414194,24.00,13.928065
202301,UCIfHM2pQj4QM5Qhvkp5LMFA,Subscriptions Revenue - YouTube Premium / Music Premium,HKD,0.002421,0.001313,24.00,0.000581
202301,UCIqJ2bX1IC-89S57Mle70xQ,Ads Revenue,HKD,2965.686272,38.254057,30.00,11.476217
202301,UCIqJ2bX1IC-89S57Mle70xQ,Subscriptions Revenue - YouTube Premium / Music Premium,HKD,3.148476,1.867505,30.00,0.560252
202301,UCJ6xRPof9pZm2-UxmbgQtxQ,Ads Revenue,HKD,260.637416,4.290693,15.00,0.643604
202301,UCJ6xRPof9pZm2-UxmbgQtxQ,Subscriptions Revenue - YouTube Premium / Music Premium,HKD,0.570594,0.213081,15.00,0.031962
202301,UCJAOB9sn_7HPvj6sv3Rg33g,Ads Revenue,HKD,159.168382,12.63372,24.00,38.200412
202301,UCJAOB9sn_7HPvj6sv3Rg33g,Subscriptions Revenue - YouTube Premium / Music Premium,HKD,0.657904,0.232011,24.00,0.157897
202301,UCJHg3CK8U5u2tcQB8i2P0HA,Ads Revenue,HKD,762.615316,13.561603,15.00,2.03424
202301,UCJHg3CK8U5u2tcQB8i2P0HA,Subscriptions Revenue - YouTube Premium / Music Premium,HKD,1.136245,0.205348,15.00,0.030802
202301,UCJUgamNguWP7rL3sSZ-zajQ,Ads Revenue,HKD,407.513797,3.548677,15.00,0.532302
202301,UCJUgamNguWP7rL3sSZ-zajQ,Subscriptions Revenue - YouTube Premium / Music Premium,HKD,0.277448,0.059524,15.00,0.008929
202301,UCJZvzs0e_kEQacnvE-jXIIg,Ads Revenue,HKD,343.220542,2.031444,15.00,0.304717
202301,UCJZvzs0e_kEQacnvE-jXIIg,Subscriptions Revenue - YouTube Premium / Music Premium,HKD,0.365521,0.243826,15.00,0.036574
202301,UCJdPMHmS5o18I9GS6KrPq1w,Ads Revenue,HKD,496.250461,6.104956,15.00,0.915743
202301,UCJdPMHmS5o18I9GS6KrPq1w,Subscriptions Revenue - YouTube Premium / Music Premium,HKD,0.194212,0,15.00,0
202301,UCJmxnG_vG0pKZDW83aUCJ1w,Ads Revenue,HKD,461.815274,83.706149,15.00,12.555922
202301,UCJmxnG_vG0pKZDW83aUCJ1w,Subscriptions Revenue - YouTube Premium / Music Premium,HKD,6.304571,1.69116,15.00,0.253674
202301,UCKEPaSrOSk263guUIbBJ_zg,Ads Revenue,HKD,287.592753,3.924978,15.00,0.588747
202301,UCKEPaSrOSk263guUIbBJ_zg,Subscriptions Revenue - YouTube Premium / Music Premium,HKD,0.875078,0.557945,15.00,0.083692
202301,UCKbi26xFBDCBAC-6p5ne6ug,Ads Revenue,HKD,1.254715,0,15.00,0
202301,UCKnEQHuqQjPwsNUe1kHJr7w,Ads Revenue,HKD,1598.659458,26.87421,15.00,4.031132
202301,UCKnEQHuqQjPwsNUe1kHJr7w,Subscriptions Revenue - YouTube Premium / Music Premium,HKD,1.843797,0.210033,15.00,0.031505
202301,UCKrgsOWQrSezEMXT5t8ZH0Q,Ads Revenue,HKD,6.433809,0.349069,24.00,1.544114
202301,UCKrgsOWQrSezEMXT5t8ZH0Q,Subscriptions Revenue - YouTube Premium / Music Premium,HKD,0.001311,0,24.00,0.000315
202301,UCKwKSTfIHoLNmDes8eWWbLA,Ads Revenue,HKD,616.734292,9.294385,15.00,1.394158
202301,UCKwKSTfIHoLNmDes8eWWbLA,Subscriptions Revenue - YouTube Premium / Music Premium,HKD,1.627116,0.463092,15.00,0.069464
202301,UCL7b1XoCC6w6JdoV7X1C3yQ,Ads Revenue,HKD,27.867221,1.614382,30.00,0.484315
202301,UCL7b1XoCC6w6JdoV7X1C3yQ,Subscriptions Revenue - YouTube Premium / Music Premium,HKD,0.412063,0,30.00,0
202301,UCLBRmJH3Uh_v_nayV6MJcUg,Ads Revenue,HKD,697.414972,3.927016,15.00,0.589052
202301,UCLBRmJH3Uh_v_nayV6MJcUg,Subscriptions Revenue - YouTube Premium / Music Premium,HKD,0.105825,0.023551,15.00,0.003533
202301,UCLdat9cF3JZyLM4sSbFKVyQ,Ads Revenue,HKD,467.224582,5.595536,15.00,0.83933
202301,UCLdat9cF3JZyLM4sSbFKVyQ,Subscriptions Revenue - YouTube Premium / Music Premium,HKD,0.209776,0.086552,15.00,0.012983
202301,UCLkzY4AkVY9n0IWyEiAzQtA,Ads Revenue,HKD,5173.703447,122.358525,15.00,18.353779
202301,UCLkzY4AkVY9n0IWyEiAzQtA,Subscriptions Revenue - YouTube Premium / Music Premium,HKD,2.870589,0.781038,15.00,0.117156
202301,UCM03mSf3j1pzqb9wtVtqFQg,Ads Revenue,HKD,46.991855,1.323616,15.00,0.198542
202301,UCM03mSf3j1pzqb9wtVtqFQg,Subscriptions Revenue - YouTube Premium / Music Premium,HKD,0.051931,0.025451,15.00,0.003818
202301,UCM0rkfFQEl67SrYzoNZ8QDw,Ads Revenue,HKD,4570.774849,166.909999,15.00,25.0365
202301,UCM0rkfFQEl67SrYzoNZ8QDw,Subscriptions Revenue - YouTube Premium / Music Premium,HKD,81.502436,18.189887,15.00,2.728483
202301,UCMF7C3hqyVA4bvTb0x0cdHw,Ads Revenue,HKD,2264.501756,1907.180421,0.00,0
202301,UCMF7C3hqyVA4bvTb0x0cdHw,Subscriptions Revenue - YouTube Premium / Music Premium,HKD,430.238668,355.747083,0.00,0
202301,UCMMIoIPN-iL26gPCeiy4Ktg,Ads Revenue,HKD,218.790294,35.287929,15.00,5.293189
202301,UCMMIoIPN-iL26gPCeiy4Ktg,Subscriptions Revenue - YouTube Premium / Music Premium,HKD,7.406113,1.302849,15.00,0.195427
202301,UCMOZeLgxKqNCZ1A8euvdcWw,Ads Revenue,HKD,639.534752,3.335975,15.00,0.500396
202301,UCMOZeLgxKqNCZ1A8euvdcWw,Subscriptions Revenue - YouTube Premium / Music Premium,HKD,0.838631,0.698485,15.00,0.104773
202301,UCMereCvZaha02H_mhxK-U2g,Ads Revenue,HKD,22.223593,0.188959,15.00,0.028344
202301,UCMereCvZaha02H_mhxK-U2g,Subscriptions Revenue - YouTube Premium / Music Premium,HKD,0.031105,0.006443,15.00,0.000966
202301,UCMxiEhGIxy4H7HR2rLSaYOA,Ads Revenue,HKD,382.26946,8.55594,15.00,1.283391
202301,UCMxiEhGIxy4H7HR2rLSaYOA,Subscriptions Revenue - YouTube Premium / Music Premium,HKD,0.084317,0.025372,15.00,0.003806
202301,UCN9U_WQv6_sdz47J9P_k1sw,Ads Revenue,HKD,3.172776,0,24.00,0.761466
202301,UCNB43PAsDZPt15fPyqcKGnA,Ads Revenue,HKD,130.692895,1.725146,15.00,0.258772
202301,UCNB43PAsDZPt15fPyqcKGnA,Subscriptions Revenue - YouTube Premium / Music Premium,HKD,0.599354,0.32268,15.00,0.048402
202301,UCNGCYnPzFqUYRdlK1cjQ-4w,Ads Revenue,HKD,604.231997,6.748432,15.00,1.012265
202301,UCNGCYnPzFqUYRdlK1cjQ-4w,Subscriptions Revenue - YouTube Premium / Music Premium,HKD,1.447425,0.23664,15.00,0.035496
202301,UCNKYf3BkXUNB8n833v0kRdw,Ads Revenue,HKD,14096.179244,233.524715,15.00,35.028707
202301,UCNKYf3BkXUNB8n833v0kRdw,Subscriptions Revenue - YouTube Premium / Music Premium,HKD,133.117112,31.439296,15.00,4.715894
202301,UCNUrPBOL3S1dEWVCwKwfqgg,Ads Revenue,HKD,3.681466,0,15.00,0
202301,UCNYDjQmGaSh2FJUUDQAFhTg,Ads Revenue,HKD,7.309907,0.208752,30.00,0.062626
202301,UCNYDjQmGaSh2FJUUDQAFhTg,Subscriptions Revenue - YouTube Premium / Music Premium,HKD,0.004415,0,30.00,0
202301,UCNfjI5U0VpXy_iUm353wFIw,Ads Revenue,HKD,45.380323,0.611759,15.00,0.091764
202301,UCNfjI5U0VpXy_iUm353wFIw,Subscriptions Revenue - YouTube Premium / Music Premium,HKD,0.076078,0.074196,15.00,0.011129
202301,UCNn9yOmNuhT4GNTalVHWs8g,Ads Revenue,HKD,1368.65489,24.529871,24.00,328.477174
202301,UCNn9yOmNuhT4GNTalVHWs8g,Subscriptions Revenue - YouTube Premium / Music Premium,HKD,1.939032,1.184772,24.00,0.465368
202301,UCNr88WktxFHJ5fytoYy8k7Q,Ads Revenue,HKD,62.427159,21.819323,15.00,3.272898
202301,UCNr88WktxFHJ5fytoYy8k7Q,Subscriptions Revenue - YouTube Premium / Music Premium,HKD,0.150421,0.010578,15.00,0.001587
202301,UCNwYBc7kCv6Uj7rnrk59U5g,Ads Revenue,HKD,219.624129,1.539653,15.00,0.230948
202301,UCNwYBc7kCv6Uj7rnrk59U5g,Subscriptions Revenue - YouTube Premium / Music Premium,HKD,1.487241,0.371328,15.00,0.055699
202301,UCNyWU84U8EzJ-brE7j4fhoA,Ads Revenue,HKD,943.410138,8.321595,15.00,1.248239
202301,UCNyWU84U8EzJ-brE7j4fhoA,Subscriptions Revenue - YouTube Premium / Music Premium,HKD,1.652136,1.151451,15.00,0.172718
202301,UCOE5Y16CFuYeIxA8PE72QpA,Ads Revenue,HKD,155.200187,1.591021,15.00,0.238653
202301,UCOE5Y16CFuYeIxA8PE72QpA,Subscriptions Revenue - YouTube Premium / Music Premium,HKD,0.06789,0.04625,15.00,0.006938
202301,UCOWuAJ5UVf6jTpxUqS_CDHg,Ads Revenue,HKD,229.479429,9.57077,15.00,1.435616
202301,UCOWuAJ5UVf6jTpxUqS_CDHg,Subscriptions Revenue - YouTube Premium / Music Premium,HKD,0.592132,0.350948,15.00,0.052642
202301,UCOYLAdxdkFU7PvLNYCbvqDg,Ads Revenue,HKD,78.410441,1.460755,15.00,0.219113
202301,UCOYLAdxdkFU7PvLNYCbvqDg,Subscriptions Revenue - YouTube Premium / Music Premium,HKD,0.191287,0.056178,15.00,0.008427
202301,UCOkT1Kd6YTV-DINXJCM2hFw,Ads Revenue,HKD,14.61207,1.264855,15.00,0.189728
202301,UCOkT1Kd6YTV-DINXJCM2hFw,Subscriptions Revenue - YouTube Premium / Music Premium,HKD,0.029061,0,15.00,0
202301,UCOqnarb5ERYajwQ4uLu8bLA,Ads Revenue,HKD,7186.33018,77.593433,15.00,11.639015
202301,UCOqnarb5ERYajwQ4uLu8bLA,Subscriptions Revenue - YouTube Premium / Music Premium,HKD,3.036748,0.484681,15.00,0.072702
202301,UCP27FAs7VJ1xsmH-ZR-GnoQ,Ads Revenue,HKD,40.130835,0.219956,15.00,0.032993
202301,UCP27FAs7VJ1xsmH-ZR-GnoQ,Subscriptions Revenue - YouTube Premium / Music Premium,HKD,0.151047,0.037407,15.00,0.005611
202301,UCPKuHwGiyGIEFnhj_3KCUog,Ads Revenue,HKD,64.162738,8.214284,24.00,15.399057
202301,UCPKuHwGiyGIEFnhj_3KCUog,Subscriptions Revenue - YouTube Premium / Music Premium,HKD,0.029291,0.00032,24.00,0.00703
202301,UCPYHdK2aU4a8jRMB459-yAQ,Ads Revenue,HKD,615.404714,9.211326,15.00,1.381699
202301,UCPYHdK2aU4a8jRMB459-yAQ,Subscriptions Revenue - YouTube Premium / Music Premium,HKD,0.811157,0.566334,15.00,0.08495
202301,UCPf2zdNwy-vakDRdnsS13cg,Ads Revenue,HKD,425.12952,19.261776,15.00,2.889266
202301,UCPf2zdNwy-vakDRdnsS13cg,Subscriptions Revenue - YouTube Premium / Music Premium,HKD,22.462945,8.95956,15.00,1.343934
202301,UCQ4AWefomilSFbYpGldt6Gg,Ads Revenue,HKD,44.617927,1.249764,15.00,0.187465
202301,UCQ4AWefomilSFbYpGldt6Gg,Subscriptions Revenue - YouTube Premium / Music Premium,HKD,0.439437,0.008552,15.00,0.001283
202301,UCQ9SLb8c3T1HT7svAOy0J8A,Ads Revenue,HKD,8.305452,0.034882,24.00,1.993308
202301,UCQ9SLb8c3T1HT7svAOy0J8A,Subscriptions Revenue - YouTube Premium / Music Premium,HKD,0.000859,0,24.00,0.000206
202301,UCQB7flp-XayCEi6VSm4-Uow,Ads Revenue,HKD,44.337854,0.091751,24.00,10.641085
202301,UCQB7flp-XayCEi6VSm4-Uow,Subscriptions Revenue - YouTube Premium / Music Premium,HKD,0.042258,0.020196,24.00,0.010142
202301,UCQSMBUZWOYwgRQQbvWq1HWA,Ads Revenue,HKD,1716.521422,20.752075,15.00,3.112811
202301,UCQSMBUZWOYwgRQQbvWq1HWA,Subscriptions Revenue - YouTube Premium / Music Premium,HKD,6.446542,5.78551,15.00,0.867827
202301,UCQVjlioLiwL4ru67e9oMr1Q,Ads Revenue,HKD,11449.525295,421.904973,15.00,63.285746
202301,UCQVjlioLiwL4ru67e9oMr1Q,Subscriptions Revenue - YouTube Premium / Music Premium,HKD,5.869493,0.400362,15.00,0.060054
202301,UCQmQWNas2NUeG3TpJIIR-bw,Ads Revenue,HKD,276.303598,4.483332,24.00,66.312864
202301,UCQmQWNas2NUeG3TpJIIR-bw,Subscriptions Revenue - YouTube Premium / Music Premium,HKD,0.411945,0.322234,24.00,0.098867
202301,UCQyBHEEHDj0ewYjhYYj3Dcg,Ads Revenue,HKD,41.035028,1.14321,15.00,0.171482
202301,UCQyBHEEHDj0ewYjhYYj3Dcg,Subscriptions Revenue - YouTube Premium / Music Premium,HKD,0.254003,0,15.00,0
202301,UCR5hf2ueH9-UzGP2-GQdnFQ,Ads Revenue,HKD,55.885384,0.3107,15.00,0.046605
202301,UCR5hf2ueH9-UzGP2-GQdnFQ,Subscriptions Revenue - YouTube Premium / Music Premium,HKD,0.103862,0.023808,15.00,0.003571
202301,UCRDFd7w1643oiJR28gnq5Zw,Ads Revenue,HKD,9.803588,0.364091,24.00,2.352861
202301,UCRDFd7w1643oiJR28gnq5Zw,Subscriptions Revenue - YouTube Premium / Music Premium,HKD,0.081309,0,24.00,0.019514
202301,UCRHyDvu0VtPsWKMw2wdVfwQ,Ads Revenue,HKD,646.991739,10.867923,30.00,3.260377
202301,UCRHyDvu0VtPsWKMw2wdVfwQ,Subscriptions Revenue - YouTube Premium / Music Premium,HKD,3.434597,1.105434,30.00,0.33163
202301,UCRM8oryLS-IFhUJ8cZCYTwg,Ads Revenue,HKD,1053.527067,14.940972,15.00,2.241146
202301,UCRM8oryLS-IFhUJ8cZCYTwg,Subscriptions Revenue - YouTube Premium / Music Premium,HKD,1.423468,0.693349,15.00,0.104002
202301,UCRMGH_Ko-HfN9U_kOPt-jfA,Ads Revenue,HKD,65.034673,0.695789,15.00,0.104368
202301,UCRMGH_Ko-HfN9U_kOPt-jfA,Subscriptions Revenue - YouTube Premium / Music Premium,HKD,0.024194,0.012392,15.00,0.001859
202301,UCRRbpoTihtJdpANV-5-hNXg,Ads Revenue,HKD,445.522019,3.299769,15.00,0.494965
202301,UCRRbpoTihtJdpANV-5-hNXg,Subscriptions Revenue - YouTube Premium / Music Premium,HKD,0.962372,0.148404,15.00,0.022261
202301,UCRRkMpP5SQrX6i1PiWnLrfA,Ads Revenue,HKD,22.438244,0.049511,15.00,0.007427
202301,UCRRkMpP5SQrX6i1PiWnLrfA,Subscriptions Revenue - YouTube Premium / Music Premium,HKD,0.020384,0.000836,15.00,0.000125
202301,UCRkGN0iEysUSG5OcIojB4_w,Ads Revenue,HKD,52.588052,1.184216,15.00,0.177632
202301,UCRkGN0iEysUSG5OcIojB4_w,Subscriptions Revenue - YouTube Premium / Music Premium,HKD,0.047336,0.035785,15.00,0.005368
202301,UCRvY63rmepQn9nmcZAJRlWw,Ads Revenue,HKD,367.318047,26.824661,15.00,4.023699
202301,UCRvY63rmepQn9nmcZAJRlWw,Subscriptions Revenue - YouTube Premium / Music Premium,HKD,25.763707,8.7713,15.00,1.315695
202301,UCS1LzQ1pKnZ8pwHM9DAtSdQ,Ads Revenue,HKD,4.74134,0.014278,15.00,0.002142
202301,UCS1LzQ1pKnZ8pwHM9DAtSdQ,Subscriptions Revenue - YouTube Premium / Music Premium,HKD,0.002345,0,15.00,0
202301,UCS8zy1sCrstJldPPmySa4rQ,Ads Revenue,HKD,5551.169224,544.737566,24.00,1332.280614
202301,UCS8zy1sCrstJldPPmySa4rQ,Subscriptions Revenue - YouTube Premium / Music Premium,HKD,199.417852,74.459596,24.00,47.860284
202301,UCSIIxnolMPkOwYPM0m13HxQ,Ads Revenue,HKD,109.710823,1.084603,15.00,0.16269
202301,UCSIIxnolMPkOwYPM0m13HxQ,Subscriptions Revenue - YouTube Premium / Music Premium,HKD,0.077434,0.039005,15.00,0.005851
202301,UCSIkBiqFw6zqEBxzRNyD7IA,Ads Revenue,HKD,10.748524,0.18946,24.00,2.579646
202301,UCSIkBiqFw6zqEBxzRNyD7IA,Subscriptions Revenue - YouTube Premium / Music Premium,HKD,0.07382,0,24.00,0.017717
202301,UCSQDGD9nRwG2JnE8ERfM_Eg,Ads Revenue,HKD,7.032171,0.076409,15.00,0.011461
202301,UCSQDGD9nRwG2JnE8ERfM_Eg,Subscriptions Revenue - YouTube Premium / Music Premium,HKD,0.002381,0.001071,15.00,0.000161
202301,UCSoSWGvT4yZJtMxKLU2ooYg,Ads Revenue,HKD,34401.545052,537.242185,15.00,80.586328
202301,UCSoSWGvT4yZJtMxKLU2ooYg,Subscriptions Revenue - YouTube Premium / Music Premium,HKD,23.843303,7.957189,15.00,1.193578
202301,UCStUiR5nFjN841rvZDJ2iOQ,Ads Revenue,HKD,34.407266,1.437033,15.00,0.215555
202301,UCStUiR5nFjN841rvZDJ2iOQ,Subscriptions Revenue - YouTube Premium / Music Premium,HKD,0.013317,0,15.00,0
202301,UCSuO7eX7Jkxe3kMUdrhhRIw,Ads Revenue,HKD,0.189866,0,15.00,0
202301,UCSuO7eX7Jkxe3kMUdrhhRIw,Subscriptions Revenue - YouTube Premium / Music Premium,HKD,0.000109,0,15.00,0
202301,UCSy1JlapBABEts1DTyP9EZw,Ads Revenue,HKD,380.87797,5.325887,30.00,1.597766
202301,UCSy1JlapBABEts1DTyP9EZw,Subscriptions Revenue - YouTube Premium / Music Premium,HKD,3.727487,3.216146,30.00,0.964844
202301,UCT4PP5IwY4b1McHD128Z6lA,Ads Revenue,HKD,14.649009,0.030026,24.00,3.515762
202301,UCT4PP5IwY4b1McHD128Z6lA,Subscriptions Revenue - YouTube Premium / Music Premium,HKD,0.001953,0,24.00,0.000469
202301,UCT4cTkSY-X0n9067Kg_mWxw,Ads Revenue,HKD,45.015433,0.541688,15.00,0.081253
202301,UCT4cTkSY-X0n9067Kg_mWxw,Subscriptions Revenue - YouTube Premium / Music Premium,HKD,0.028464,0.018013,15.00,0.002702
202301,UCT9caxfNM1xKxGcewkmXszg,Ads Revenue,HKD,208.101724,3.10161,15.00,0.465242
202301,UCT9caxfNM1xKxGcewkmXszg,Subscriptions Revenue - YouTube Premium / Music Premium,HKD,0.318958,0.079057,15.00,0.011859
202301,UCTGvDnr0uPMAPtl3QV77IKA,Ads Revenue,HKD,48.732664,0.221752,15.00,0.033263
202301,UCTGvDnr0uPMAPtl3QV77IKA,Subscriptions Revenue - YouTube Premium / Music Premium,HKD,0.132421,0.025645,15.00,0.003847
202301,UCT_4btJq1kpJo5h9PiCPwjQ,Ads Revenue,HKD,230.657488,6.107449,15.00,0.916117
202301,UCT_4btJq1kpJo5h9PiCPwjQ,Subscriptions Revenue - YouTube Premium / Music Premium,HKD,0.556079,0.0848,15.00,0.01272
202301,UCTx9quHX4SCr2IB6T_jKmxA,Ads Revenue,HKD,6.490622,0.115952,24.00,1.557749
202301,UCTx9quHX4SCr2IB6T_jKmxA,Subscriptions Revenue - YouTube Premium / Music Premium,HKD,0.007906,0.000516,24.00,0.001897
202301,UCUAybWMR1jIZw97on--iDEA,Ads Revenue,HKD,2872.388712,43.814795,15.00,6.572219
202301,UCUAybWMR1jIZw97on--iDEA,Subscriptions Revenue - YouTube Premium / Music Premium,HKD,9.302984,2.826247,15.00,0.423937
202301,UCUIkVPUvYpzxsixxejtZ2hw,Ads Revenue,HKD,105.768145,0.659105,15.00,0.098866
202301,UCUIkVPUvYpzxsixxejtZ2hw,Subscriptions Revenue - YouTube Premium / Music Premium,HKD,0.136517,0.091555,15.00,0.013733
202301,UCUJkBgA1j79nfAxpAYqHAAQ,Ads Revenue,HKD,2.479025,0,15.00,0
202301,UCUJkBgA1j79nfAxpAYqHAAQ,Subscriptions Revenue - YouTube Premium / Music Premium,HKD,0.002267,0,15.00,0
202301,UCULhFWNXmUuWLKY8P7iQBvQ,Ads Revenue,HKD,121.801596,2.173532,15.00,0.32603
202301,UCULhFWNXmUuWLKY8P7iQBvQ,Subscriptions Revenue - YouTube Premium / Music Premium,HKD,0.274152,0.104617,15.00,0.015693
202301,UCUWEdzcQN8lBvnnBzVjmBpQ,Ads Revenue,HKD,1611.633596,123.665895,15.00,18.549884
202301,UCUWEdzcQN8lBvnnBzVjmBpQ,Subscriptions Revenue - YouTube Premium / Music Premium,HKD,28.955281,4.683239,15.00,0.702486
202301,UCUbpLiG5gFlDCcx-_I4ihGQ,Ads Revenue,HKD,4.574909,0,15.00,0
202301,UCUbpLiG5gFlDCcx-_I4ihGQ,Subscriptions Revenue - YouTube Premium / Music Premium,HKD,0.000601,0,15.00,0
202301,UCUgosNC8aLjW5ibBxBvXLZw,Ads Revenue,HKD,774.278861,16.800857,15.00,2.520129
202301,UCUgosNC8aLjW5ibBxBvXLZw,Subscriptions Revenue - YouTube Premium / Music Premium,HKD,0.43257,0.001391,15.00,0.000209
202301,UCUnMIGYMznLobc2zc2RWEHw,Ads Revenue,HKD,1530.076689,20.345278,15.00,3.051792
202301,UCUnMIGYMznLobc2zc2RWEHw,Subscriptions Revenue - YouTube Premium / Music Premium,HKD,1.22746,0.797718,15.00,0.119658
202301,UCVNDIva99Uouhac4YJ916EA,Ads Revenue,HKD,2.314577,0.254628,15.00,0.038194
202301,UCVNDIva99Uouhac4YJ916EA,Subscriptions Revenue - YouTube Premium / Music Premium,HKD,0.001571,0,15.00,0
202301,UCVWaDQsPQ82qCqrjZGCFYzg,Ads Revenue,HKD,11543.9866,171.555328,15.00,25.733299
202301,UCVWaDQsPQ82qCqrjZGCFYzg,Subscriptions Revenue - YouTube Premium / Music Premium,HKD,19.101963,8.707146,15.00,1.306072
202301,UCVnu3ucn_XvV46Z2Lx9YsZA,Ads Revenue,HKD,443.147423,7.57892,15.00,1.136838
202301,UCVnu3ucn_XvV46Z2Lx9YsZA,Subscriptions Revenue - YouTube Premium / Music Premium,HKD,0.505477,0.303059,15.00,0.045459
202301,UCVoDTdGvE4v0Ap2NQP2e0_A,Ads Revenue,HKD,0.955799,0.018351,15.00,0.002753
202301,UCVoDTdGvE4v0Ap2NQP2e0_A,Subscriptions Revenue - YouTube Premium / Music Premium,HKD,0.005853,0,15.00,0
202301,UCW1y8BcwZd3Xh5whOalxPcQ,Ads Revenue,HKD,15.500672,0.071138,30.00,0.021341
202301,UCW1y8BcwZd3Xh5whOalxPcQ,Subscriptions Revenue - YouTube Premium / Music Premium,HKD,0.141361,0.017709,30.00,0.005313
202301,UCWMRWij5WGdtatx_X0UZ_dQ,Ads Revenue,HKD,839.442569,24.035361,30.00,7.210608
202301,UCWMRWij5WGdtatx_X0UZ_dQ,Subscriptions Revenue - YouTube Premium / Music Premium,HKD,13.118644,1.236389,30.00,0.370917
202301,UCWXnWVKyXE1orctSHhI2hKg,Ads Revenue,HKD,487.547034,1.361603,24.00,117.011288
202301,UCWXnWVKyXE1orctSHhI2hKg,Subscriptions Revenue - YouTube Premium / Music Premium,HKD,0.053952,0.035206,24.00,0.012948
202301,UCW_DSHJQ4mTkTKEv2MOYDvw,Ads Revenue,HKD,72.785676,1.169253,15.00,0.175388
202301,UCW_DSHJQ4mTkTKEv2MOYDvw,Subscriptions Revenue - YouTube Premium / Music Premium,HKD,0.083352,0.04635,15.00,0.006953
202301,UCWenbAhqGbyDnpULfbrILiw,Ads Revenue,HKD,38.844806,0.194337,15.00,0.029151
202301,UCWenbAhqGbyDnpULfbrILiw,Subscriptions Revenue - YouTube Premium / Music Premium,HKD,0.200824,0.038233,15.00,0.005735
202301,UCWgfsCVUioxbFNrdEKvKGQg,Ads Revenue,HKD,12342.026226,218.66317,10.00,21.866317
202301,UCWgfsCVUioxbFNrdEKvKGQg,Subscriptions Revenue - YouTube Premium / Music Premium,HKD,288.02308,97.447175,10.00,9.744718
202301,UCWkPu6_X0yDG3peOjVIOBwQ,Ads Revenue,HKD,1.829804,0.04984,15.00,0.007476
202301,UCWmyZQUwbGyRhxL3DBgzf3w,Ads Revenue,HKD,17.409486,0.058394,15.00,0.008759
202301,UCWmyZQUwbGyRhxL3DBgzf3w,Subscriptions Revenue - YouTube Premium / Music Premium,HKD,0.095468,0.012752,15.00,0.001913
202301,UCWoci7zSmeVBJGMdE-bN-Fw,Ads Revenue,HKD,203.697442,5.242779,15.00,0.786417
202301,UCWoci7zSmeVBJGMdE-bN-Fw,Subscriptions Revenue - YouTube Premium / Music Premium,HKD,0.192937,0.02104,15.00,0.003156
202301,UCXAKe8qDOo--GfAE0Q37uHA,Ads Revenue,HKD,664.964085,5.510662,15.00,0.826599
202301,UCXAKe8qDOo--GfAE0Q37uHA,Subscriptions Revenue - YouTube Premium / Music Premium,HKD,0.0471,0.008084,15.00,0.001213
202301,UCXBsbBryAjtTzLVgi6ZRgZQ,Ads Revenue,HKD,1036.53435,14.619806,15.00,2.192971
202301,UCXBsbBryAjtTzLVgi6ZRgZQ,Subscriptions Revenue - YouTube Premium / Music Premium,HKD,0.537879,0.268745,15.00,0.040312
202301,UCXCGdYA6LtoLmsRu6Ntjp1A,Ads Revenue,HKD,568.341759,7.710572,15.00,1.156586
202301,UCXCGdYA6LtoLmsRu6Ntjp1A,Subscriptions Revenue - YouTube Premium / Music Premium,HKD,2.430143,0.360882,15.00,0.054132
202301,UCXGOcvs57Xih8DW6oAljSZw,Ads Revenue,HKD,40.723639,16.513112,15.00,2.476967
202301,UCXGOcvs57Xih8DW6oAljSZw,Subscriptions Revenue - YouTube Premium / Music Premium,HKD,0.010954,0.002126,15.00,0.000319
202301,UCXJDRewXuPlu2hMa0EeOq-g,Ads Revenue,HKD,93.415979,1.052665,15.00,0.1579
202301,UCXJDRewXuPlu2hMa0EeOq-g,Subscriptions Revenue - YouTube Premium / Music Premium,HKD,0.028661,0.0034,15.00,0.00051
202301,UCXLKizLHhccDaQXpu3860Gg,Ads Revenue,HKD,105.799636,2.966428,30.00,0.889928
202301,UCXLKizLHhccDaQXpu3860Gg,Subscriptions Revenue - YouTube Premium / Music Premium,HKD,0.207513,0.004667,30.00,0.0014
202301,UCXVXQzcgFzMjb3TvF1c4niQ,Ads Revenue,HKD,1498.435478,13.883827,15.00,2.082574
202301,UCXVXQzcgFzMjb3TvF1c4niQ,Subscriptions Revenue - YouTube Premium / Music Premium,HKD,0.503195,0.103021,15.00,0.015453
202301,UCXfmc9so5qyaf6ZqTI_16tg,Ads Revenue,HKD,2.509536,0.017656,15.00,0.002648
202301,UCXfmc9so5qyaf6ZqTI_16tg,Subscriptions Revenue - YouTube Premium / Music Premium,HKD,0.009054,0.006935,15.00,0.00104
202301,UCXqgeoFG3Q1OcZrxygnlW6g,Ads Revenue,HKD,4.778072,0.643827,24.00,1.146737
202301,UCXqgeoFG3Q1OcZrxygnlW6g,Subscriptions Revenue - YouTube Premium / Music Premium,HKD,0.01739,0.015537,24.00,0.004174
202301,UCY7uyCrhajSDkWCdip1ARfw,Ads Revenue,HKD,329.365126,4.899513,15.00,0.734927
202301,UCY7uyCrhajSDkWCdip1ARfw,Subscriptions Revenue - YouTube Premium / Music Premium,HKD,0.359029,0.300483,15.00,0.045072
202301,UCYEb893tHTaXjhy745nCCSQ,Ads Revenue,HKD,376.22702,10.851612,15.00,1.627742
202301,UCYEb893tHTaXjhy745nCCSQ,Subscriptions Revenue - YouTube Premium / Music Premium,HKD,0.531787,0.173897,15.00,0.026085
202301,UCYiQSjw-qMIA5l29avYjREA,Ads Revenue,HKD,16181.648336,358.076949,30.00,107.423085
202301,UCYiQSjw-qMIA5l29avYjREA,Subscriptions Revenue - YouTube Premium / Music Premium,HKD,17.056284,2.816012,30.00,0.844804
202301,UCYjInVIGonqdJYFvDVfESNw,Ads Revenue,HKD,273.869346,9.180876,15.00,1.377131
202301,UCYjInVIGonqdJYFvDVfESNw,Subscriptions Revenue - YouTube Premium / Music Premium,HKD,0.012993,0.011963,15.00,0.001794
202301,UCZ138FjE1wbJn6F6ioqPpIA,Ads Revenue,HKD,2223.794543,164.778542,15.00,24.716781
202301,UCZ138FjE1wbJn6F6ioqPpIA,Subscriptions Revenue - YouTube Premium / Music Premium,HKD,28.138546,6.085545,15.00,0.912832
202301,UCZ6gb9-vpK1sHospk2ZC9eA,Ads Revenue,HKD,1562.607788,18.286916,15.00,2.743037
202301,UCZ6gb9-vpK1sHospk2ZC9eA,Subscriptions Revenue - YouTube Premium / Music Premium,HKD,0.209913,0.086845,15.00,0.013027
202301,UCZTKz2j3QhnxEqTCXBB20xQ,Ads Revenue,HKD,0.275462,0,24.00,0.066111
202301,UCZUBn2daFvMeRipiP10cGTA,Ads Revenue,HKD,18193.989813,2823.704994,15.00,423.555749
202301,UCZUBn2daFvMeRipiP10cGTA,Subscriptions Revenue - YouTube Premium / Music Premium,HKD,351.681338,135.233722,15.00,20.285058
202301,UCZeYiTk2EKcG7H8Duq_dx-A,Ads Revenue,HKD,4.307769,0,15.00,0
202301,UCZr-7R2IM6jiTFPwd7AyiIw,Ads Revenue,HKD,9.929024,0.025412,15.00,0.003812
202301,UCZr-7R2IM6jiTFPwd7AyiIw,Subscriptions Revenue - YouTube Premium / Music Premium,HKD,0.005602,0.001227,15.00,0.000184
202301,UC_3LxGozV4q23CHZY-Hf8tg,Ads Revenue,HKD,80.921825,0.73311,15.00,0.109967
202301,UC_3LxGozV4q23CHZY-Hf8tg,Subscriptions Revenue - YouTube Premium / Music Premium,HKD,0.084992,0.027256,15.00,0.004088
202301,UC_LKR0BI2VLsB3aZ7hfY58A,Ads Revenue,HKD,30846.537456,7784.260816,15.00,1167.639122
202301,UC_LKR0BI2VLsB3aZ7hfY58A,Subscriptions Revenue - YouTube Premium / Music Premium,HKD,616.92804,299.063928,15.00,44.859589
202301,UC_OxoTBE_qh5nq62TtMIzDw,Ads Revenue,HKD,2.511436,0.074807,24.00,0.602745
202301,UC_QE_ATqbyqHuO2dtLI3scA,Ads Revenue,HKD,89.193357,1.607974,24.00,21.406406
202301,UC_QE_ATqbyqHuO2dtLI3scA,Subscriptions Revenue - YouTube Premium / Music Premium,HKD,0.043572,0.040118,24.00,0.010457
202301,UC__wNS4IZdxPw9-uYu7-5BQ,Ads Revenue,HKD,63.724101,11.448771,15.00,1.717316
202301,UC__wNS4IZdxPw9-uYu7-5BQ,Subscriptions Revenue - YouTube Premium / Music Premium,HKD,1.696812,0.641424,15.00,0.096214
202301,UC_fjcHD7v0DcQxKS-5dEiAg,Ads Revenue,HKD,11.022699,0.09573,15.00,0.01436
202301,UC_fjcHD7v0DcQxKS-5dEiAg,Subscriptions Revenue - YouTube Premium / Music Premium,HKD,0.063608,0.001266,15.00,0.00019
202301,UC_gGrLaU8N2wdcxtpvU24-g,Ads Revenue,HKD,188.46618,1.014664,30.00,0.304399
202301,UC_gGrLaU8N2wdcxtpvU24-g,Subscriptions Revenue - YouTube Premium / Music Premium,HKD,1.55848,0.001243,30.00,0.000373
202301,UC_gGrLaU8N2wdcxtpvU24-g,Transactions Revenue - Others,HKD,3.401384,0,30.00,0
202301,UC_hXNu0_P-8hQ9G3wWc6kGg,Ads Revenue,HKD,90.940458,0.878123,15.00,0.131718
202301,UC_hXNu0_P-8hQ9G3wWc6kGg,Subscriptions Revenue - YouTube Premium / Music Premium,HKD,0.521215,0.453662,15.00,0.068049
202301,UCa1LaEiQ2QKSx9x9L8_bqRw,Ads Revenue,HKD,14.752331,0.359283,15.00,0.053892
202301,UCa1LaEiQ2QKSx9x9L8_bqRw,Subscriptions Revenue - YouTube Premium / Music Premium,HKD,0.126739,0.001015,15.00,0.000152
202301,UCa602QNmKfX4tUl36yC46IQ,Ads Revenue,HKD,647.413635,10.311224,15.00,1.546684
202301,UCa602QNmKfX4tUl36yC46IQ,Subscriptions Revenue - YouTube Premium / Music Premium,HKD,0.367335,0.222998,15.00,0.03345
202301,UCaTGShc94XXBNhd2gCzqGdA,Ads Revenue,HKD,0.427641,0,24.00,0.102634
202301,UCaTGShc94XXBNhd2gCzqGdA,Subscriptions Revenue - YouTube Premium / Music Premium,HKD,0.001039,0,24.00,0.000249
202301,UCabovqtjYMsRB-TNyRFZTrQ,Ads Revenue,HKD,1310.173432,14.485325,15.00,2.172799
202301,UCabovqtjYMsRB-TNyRFZTrQ,Subscriptions Revenue - YouTube Premium / Music Premium,HKD,0.42935,0.032222,15.00,0.004833
202301,UCammIDmuOIkcPpW0BJhl8xg,Ads Revenue,HKD,8.055071,0.101792,15.00,0.015269
202301,UCammIDmuOIkcPpW0BJhl8xg,Subscriptions Revenue - YouTube Premium / Music Premium,HKD,0.000594,0.000594,15.00,0.000089
202301,UCatpyaJTdu-DBL5Ac-4MVkw,Ads Revenue,HKD,11.469392,0.134067,30.00,0.04022
202301,UCatpyaJTdu-DBL5Ac-4MVkw,Subscriptions Revenue - YouTube Premium / Music Premium,HKD,0.037934,0.019036,30.00,0.005711
202301,UCb6YPomNlZq7hJvYyeYlW0A,Ads Revenue,HKD,9.091818,0.027649,15.00,0.004147
202301,UCb6YPomNlZq7hJvYyeYlW0A,Subscriptions Revenue - YouTube Premium / Music Premium,HKD,0.041855,0.024435,15.00,0.003665
202301,UCbAh4ChSy1wEUuN4kCXuCrQ,Ads Revenue,HKD,12.523417,0.172125,15.00,0.025819
202301,UCbAh4ChSy1wEUuN4kCXuCrQ,Subscriptions Revenue - YouTube Premium / Music Premium,HKD,0.101141,0,15.00,0
202301,UCbB-ZFJDnWCndDepuoa9_HQ,Ads Revenue,HKD,9972.704058,2701.97826,15.00,405.296739
202301,UCbB-ZFJDnWCndDepuoa9_HQ,Subscriptions Revenue - YouTube Premium / Music Premium,HKD,481.82508,155.547143,15.00,23.332071
202301,UCbZuYmTWB8XAqBD8WKDLByQ,Ads Revenue,HKD,5874.551241,245.056986,15.00,36.758548
202301,UCbZuYmTWB8XAqBD8WKDLByQ,Subscriptions Revenue - YouTube Premium / Music Premium,HKD,7.130671,1.009267,15.00,0.15139
202301,UCbhuwio0qW5JFdYHCxzNatQ,Ads Revenue,HKD,531.704606,5.232512,15.00,0.784877
202301,UCbhuwio0qW5JFdYHCxzNatQ,Subscriptions Revenue - YouTube Premium / Music Premium,HKD,0.333265,0.145807,15.00,0.021871
202301,UCblhUewZfxTqVVXOMyxaSVQ,Ads Revenue,HKD,142.722471,10.826045,15.00,1.623907
202301,UCblhUewZfxTqVVXOMyxaSVQ,Subscriptions Revenue - YouTube Premium / Music Premium,HKD,0.097687,0.020969,15.00,0.003145
202301,UCbzDDfmyoyo9tKb9yhDA7hA,Ads Revenue,HKD,61.971419,1.632343,15.00,0.244851
202301,UCbzDDfmyoyo9tKb9yhDA7hA,Subscriptions Revenue - YouTube Premium / Music Premium,HKD,0.445409,0.231922,15.00,0.034788
202301,UCcAnjE2yZPNShbO9bpUXfmA,Ads Revenue,HKD,447.31402,4.55874,15.00,0.683811
202301,UCcAnjE2yZPNShbO9bpUXfmA,Subscriptions Revenue - YouTube Premium / Music Premium,HKD,0.67668,0.278042,15.00,0.041706
202301,UCcGaE7wBf-fqQ1ydY_wNdiw,Ads Revenue,HKD,630.993016,5.348916,15.00,0.802337
202301,UCcGaE7wBf-fqQ1ydY_wNdiw,Subscriptions Revenue - YouTube Premium / Music Premium,HKD,1.183818,0.426746,15.00,0.064012
202301,UCcH-Q-vgyZWwTLs3q3-_N5g,Ads Revenue,HKD,1707.97659,11.768616,15.00,1.765292
202301,UCcH-Q-vgyZWwTLs3q3-_N5g,Subscriptions Revenue - YouTube Premium / Music Premium,HKD,1.36169,0.885103,15.00,0.132765
202301,UCcOeaTBduOa_Plbm7Q1vxKA,Ads Revenue,HKD,166.053604,1.890538,15.00,0.283581
202301,UCcOeaTBduOa_Plbm7Q1vxKA,Subscriptions Revenue - YouTube Premium / Music Premium,HKD,0.015785,0.006716,15.00,0.001007
202301,UCcszvjeBkOb3kZK8_8KU7_Q,Ads Revenue,HKD,129.564253,3.099178,15.00,0.464877
202301,UCcszvjeBkOb3kZK8_8KU7_Q,Subscriptions Revenue - YouTube Premium / Music Premium,HKD,0.067555,0.040388,15.00,0.006058
202301,UCczi8U0VTB8BI8uhqZS3I8A,Ads Revenue,HKD,288.721807,8.87946,30.00,2.663838
202301,UCczi8U0VTB8BI8uhqZS3I8A,Subscriptions Revenue - YouTube Premium / Music Premium,HKD,0.692863,0.006143,30.00,0.001843
202301,UCdVMAhpMiLsVLo-BU_6voUQ,Ads Revenue,HKD,16.605088,0.18857,15.00,0.028285
202301,UCdVMAhpMiLsVLo-BU_6voUQ,Subscriptions Revenue - YouTube Premium / Music Premium,HKD,0.005815,0,15.00,0
202301,UCdbqaI60YaCYHXDSeqAOANg,Ads Revenue,HKD,150.73131,2.140985,15.00,0.321148
202301,UCdbqaI60YaCYHXDSeqAOANg,Subscriptions Revenue - YouTube Premium / Music Premium,HKD,0.152009,0.115643,15.00,0.017346
202301,UCdfmLFAo95GcJYvdgry1nsA,Ads Revenue,HKD,262.707206,2.113738,15.00,0.317061
202301,UCdfmLFAo95GcJYvdgry1nsA,Subscriptions Revenue - YouTube Premium / Music Premium,HKD,0.49435,0.321018,15.00,0.048153
202301,UCdxOdehCAIaZWIayLZs4KEQ,Ads Revenue,HKD,3201.173765,35.116468,15.00,5.26747
202301,UCdxOdehCAIaZWIayLZs4KEQ,Subscriptions Revenue - YouTube Premium / Music Premium,HKD,3.255526,2.278194,15.00,0.341729
202301,UCe4f0GMYe_xR5CEb0Lod4XQ,Ads Revenue,HKD,26.964521,0.5141,30.00,0.15423
202301,UCe4f0GMYe_xR5CEb0Lod4XQ,Subscriptions Revenue - YouTube Premium / Music Premium,HKD,0.108762,0,30.00,0
202301,UCe8n4USKO6RzAwMGqtP7WRQ,Ads Revenue,HKD,176.299281,15.512239,24.00,42.311827
202301,UCe8n4USKO6RzAwMGqtP7WRQ,Subscriptions Revenue - YouTube Premium / Music Premium,HKD,2.472098,1.323878,24.00,0.593304
202301,UCeCXAvAkJalzhyfPIun60Jg,Ads Revenue,HKD,1193.183521,19.816002,15.00,2.9724
202301,UCeCXAvAkJalzhyfPIun60Jg,Subscriptions Revenue - YouTube Premium / Music Premium,HKD,1.471825,0.170994,15.00,0.025649
202301,UCeTNIT0h8hOMqjaSuEhgOoQ,Ads Revenue,HKD,193.538291,2.190825,24.00,46.44919
202301,UCeTNIT0h8hOMqjaSuEhgOoQ,Subscriptions Revenue - YouTube Premium / Music Premium,HKD,0.465533,0.187812,24.00,0.111728
202301,UCee5POOPTFNN7ap4GL5RBJQ,Ads Revenue,HKD,1987.235746,19.710676,15.00,2.956601
202301,UCee5POOPTFNN7ap4GL5RBJQ,Subscriptions Revenue - YouTube Premium / Music Premium,HKD,1.186197,0.685036,15.00,0.102755
202301,UCehPMjDDJ2tuQ7a797giOTQ,Ads Revenue,HKD,793.490697,33.819304,15.00,5.072896
202301,UCehPMjDDJ2tuQ7a797giOTQ,Subscriptions Revenue - YouTube Premium / Music Premium,HKD,7.441398,2.162457,15.00,0.324369
202301,UCeoA6-TrXwaWojvb0YAVP5A,Ads Revenue,HKD,159.724112,2.932617,15.00,0.439893
202301,UCeoA6-TrXwaWojvb0YAVP5A,Subscriptions Revenue - YouTube Premium / Music Premium,HKD,0.100597,0.053043,15.00,0.007956
202301,UCeoV70boI-aFB9F2-GHt7vA,Ads Revenue,HKD,159.598582,2.388231,15.00,0.358235
202301,UCeoV70boI-aFB9F2-GHt7vA,Subscriptions Revenue - YouTube Premium / Music Premium,HKD,0.23789,0.029053,15.00,0.004358
202301,UCf8fL2jAxAG-QfXiqf6Mkdg,Ads Revenue,HKD,11301.293155,2069.075534,15.00,310.36133
202301,UCf8fL2jAxAG-QfXiqf6Mkdg,Subscriptions Revenue - YouTube Premium / Music Premium,HKD,149.32565,69.444914,15.00,10.416737
202301,UCf8fL2jAxAG-QfXiqf6Mkdg,Super Thanks,HKD,5.668657,0,15.00,0
202301,UCfMLh_bKic6A7XkEMz1qX1Q,Ads Revenue,HKD,13.597772,0.234102,15.00,0.035115
202301,UCfMLh_bKic6A7XkEMz1qX1Q,Subscriptions Revenue - YouTube Premium / Music Premium,HKD,0.014295,0.003784,15.00,0.000568
202301,UCfRDi67zOqZoChfLMkVbLqg,Ads Revenue,HKD,414.625579,5.352339,15.00,0.802851
202301,UCfRDi67zOqZoChfLMkVbLqg,Subscriptions Revenue - YouTube Premium / Music Premium,HKD,0.192806,0.007795,15.00,0.001169
202301,UCfYq5PUqnrV9nDQtR0om5Bw,Ads Revenue,HKD,53.807833,4.085453,15.00,0.612818
202301,UCfYq5PUqnrV9nDQtR0om5Bw,Subscriptions Revenue - YouTube Premium / Music Premium,HKD,0.035114,0.000242,15.00,0.000036
202301,UCf_yAUxdFxl2cqMdg8mqHog,Ads Revenue,HKD,19664.11191,910.56451,15.00,136.584677
202301,UCf_yAUxdFxl2cqMdg8mqHog,Subscriptions Revenue - YouTube Premium / Music Premium,HKD,85.547786,21.257847,15.00,3.188677
202301,UCfaaafkwaLZZIQ_OHRj_obQ,Ads Revenue,HKD,3005.341975,58.960691,15.00,8.844104
202301,UCfaaafkwaLZZIQ_OHRj_obQ,Subscriptions Revenue - YouTube Premium / Music Premium,HKD,2.241282,1.212212,15.00,0.181832
202301,UCfaaafkwaLZZIQ_OHRj_obQ,YouTube Shorts Revenue,HKD,577.577989,4.013511,15.00,0.602027
202301,UCfcr9mXTjLei9F_2NHy82yA,Ads Revenue,HKD,4212.645748,34.799434,15.00,5.219915
202301,UCfcr9mXTjLei9F_2NHy82yA,Subscriptions Revenue - YouTube Premium / Music Premium,HKD,3.451645,1.168818,15.00,0.175323
202301,UCg-fRD-0_gb15BXoQZ_Ft9Q,Ads Revenue,HKD,3.07806,0,24.00,0.738734
202301,UCg-fRD-0_gb15BXoQZ_Ft9Q,Subscriptions Revenue - YouTube Premium / Music Premium,HKD,0.001765,0,24.00,0.000424
202301,UCgGT3LtolxtROKsgL8e0OoQ,Ads Revenue,HKD,27.085638,0.189993,15.00,0.028499
202301,UCgGT3LtolxtROKsgL8e0OoQ,Subscriptions Revenue - YouTube Premium / Music Premium,HKD,0.013098,0.006651,15.00,0.000998
202301,UCgRY4eDirFoOY8bmicwKLyQ,Ads Revenue,HKD,716.152582,15.979505,15.00,2.396926
202301,UCgRY4eDirFoOY8bmicwKLyQ,Subscriptions Revenue - YouTube Premium / Music Premium,HKD,0.175649,0.072216,15.00,0.010832
202301,UCgUb_sBp2jQbYc2oO1hAdSA,Ads Revenue,HKD,181.309696,2.46387,24.00,43.514327
202301,UCgUb_sBp2jQbYc2oO1hAdSA,Subscriptions Revenue - YouTube Premium / Music Premium,HKD,0.24092,0.122366,24.00,0.057821
202301,UCgiJUPa6F17-vWMVJczy-Gw,Ads Revenue,HKD,6384.492735,102.440195,15.00,15.366029
202301,UCgiJUPa6F17-vWMVJczy-Gw,Subscriptions Revenue - YouTube Premium / Music Premium,HKD,5.078649,3.869222,15.00,0.580383
202301,UCgpyA2pvziwCR-l9KucaUGA,Ads Revenue,HKD,1796.15934,205.672526,15.00,30.850879
202301,UCgpyA2pvziwCR-l9KucaUGA,Subscriptions Revenue - YouTube Premium / Music Premium,HKD,0.387394,0.105106,15.00,0.015766
202301,UCh0GPOWRyauQXSP1w-izY7g,Ads Revenue,HKD,9.746644,0,24.00,2.339195
202301,UCh0GPOWRyauQXSP1w-izY7g,Subscriptions Revenue - YouTube Premium / Music Premium,HKD,0.144684,0.001711,24.00,0.034724
202301,UChSlf-y2w5HiXTCChgjM1DA,Ads Revenue,HKD,1267.671066,12.896559,15.00,1.934484
202301,UChSlf-y2w5HiXTCChgjM1DA,Subscriptions Revenue - YouTube Premium / Music Premium,HKD,1.944129,1.063427,15.00,0.159514
202301,UChZNAZv_n6Y7LSOT8YZuVtQ,Ads Revenue,HKD,109.203328,2.709938,15.00,0.406491
202301,UChZNAZv_n6Y7LSOT8YZuVtQ,Subscriptions Revenue - YouTube Premium / Music Premium,HKD,0.416644,0.151843,15.00,0.022776
202301,UChgRMQRcW2J0Wbey3ap5Qtg,Ads Revenue,HKD,1255.149251,17.272975,15.00,2.590946
202301,UChgRMQRcW2J0Wbey3ap5Qtg,Subscriptions Revenue - YouTube Premium / Music Premium,HKD,0.230927,0.034951,15.00,0.005243
202301,UCi0_ZONqeBQP8-_rxH8qr2A,Ads Revenue,HKD,4.90335,0.033904,24.00,1.176804
202301,UCi0_ZONqeBQP8-_rxH8qr2A,Subscriptions Revenue - YouTube Premium / Music Premium,HKD,0.000179,0,24.00,0.000043
202301,UCi3WjI9fTp4Zd1rthPUhk6w,Ads Revenue,HKD,31.642408,0.804864,15.00,0.12073
202301,UCi3WjI9fTp4Zd1rthPUhk6w,Subscriptions Revenue - YouTube Premium / Music Premium,HKD,0.018772,0.002056,15.00,0.000308
202301,UCi3lrVWCHQN5ndKbkUxTLkQ,Ads Revenue,HKD,3.145215,0.05536,24.00,0.754852
202301,UCi3lrVWCHQN5ndKbkUxTLkQ,Subscriptions Revenue - YouTube Premium / Music Premium,HKD,0.000827,0,24.00,0.000198
202301,UCiYeXXvmvKZYuLyWI2FAklw,Ads Revenue,HKD,88.715888,5.039929,15.00,0.755989
202301,UCiYeXXvmvKZYuLyWI2FAklw,Subscriptions Revenue - YouTube Premium / Music Premium,HKD,2.229286,0.53778,15.00,0.080667
202301,UCitVUFV5LUYHata-IBuakdA,Ads Revenue,HKD,112.234888,7.069689,15.00,1.060453
202301,UCitVUFV5LUYHata-IBuakdA,Subscriptions Revenue - YouTube Premium / Music Premium,HKD,2.283218,0.182805,15.00,0.027421
202301,UCixNOpfpPDw5tPZiEi1hriQ,Ads Revenue,HKD,30.373528,0.150122,15.00,0.022518
202301,UCixNOpfpPDw5tPZiEi1hriQ,Subscriptions Revenue - YouTube Premium / Music Premium,HKD,0.056421,0.016224,15.00,0.002434
202301,UCj9V4l-HhqBodluN48KVSVQ,Ads Revenue,HKD,48.853164,0.380338,15.00,0.057051
202301,UCj9V4l-HhqBodluN48KVSVQ,Subscriptions Revenue - YouTube Premium / Music Premium,HKD,0.049058,0.041073,15.00,0.006161
202301,UCjBM30H6URGv1fiZEtvXW8g,Ads Revenue,HKD,190.694772,1.864621,15.00,0.279693
202301,UCjBM30H6URGv1fiZEtvXW8g,Subscriptions Revenue - YouTube Premium / Music Premium,HKD,0.174614,0.047578,15.00,0.007137
202301,UCjJKUbYe_uhaJXU6OdYIFdg,Ads Revenue,HKD,1.699626,0,24.00,0.40791
202301,UCjL-pnDzr6VDQpbXjeVQEvw,Ads Revenue,HKD,26.549391,0.606169,15.00,0.090925
202301,UCjL-pnDzr6VDQpbXjeVQEvw,Subscriptions Revenue - YouTube Premium / Music Premium,HKD,0.000678,0.000359,15.00,0.000054
202301,UCjTNMPcj2sMgxLCPQN6qY8A,Ads Revenue,HKD,38.878728,0.486772,15.00,0.073016
202301,UCjTNMPcj2sMgxLCPQN6qY8A,Subscriptions Revenue - YouTube Premium / Music Premium,HKD,0.038246,0.020548,15.00,0.003082
202301,UCjXz9W4PzoAKeYzGWdME-vw,Ads Revenue,HKD,34.552414,0.623621,15.00,0.093543
202301,UCjXz9W4PzoAKeYzGWdME-vw,Subscriptions Revenue - YouTube Premium / Music Premium,HKD,0.026956,0.008608,15.00,0.001291
202301,UCjY3xcANaqCtEjfZl2FO4sg,Ads Revenue,HKD,4.482418,0.014277,15.00,0.002142
202301,UCjY3xcANaqCtEjfZl2FO4sg,Subscriptions Revenue - YouTube Premium / Music Premium,HKD,0.00496,0.000281,15.00,0.000042
202301,UCjkN6DU_yXojWba36OxvYZg,Ads Revenue,HKD,6.231926,0.018828,15.00,0.002824
202301,UCjkN6DU_yXojWba36OxvYZg,Subscriptions Revenue - YouTube Premium / Music Premium,HKD,0.003506,0.001555,15.00,0.000233
202301,UCjnYFKdyUxymRVCNa2lPTog,Ads Revenue,HKD,1458.39086,69.825723,15.00,10.473858
202301,UCjnYFKdyUxymRVCNa2lPTog,Subscriptions Revenue - YouTube Premium / Music Premium,HKD,8.057699,2.376833,15.00,0.356525
202301,UCkGqRelqBSCugPJAYQ2IEWg,Ads Revenue,HKD,2904.642076,39.081817,15.00,5.862273
202301,UCkGqRelqBSCugPJAYQ2IEWg,Subscriptions Revenue - YouTube Premium / Music Premium,HKD,2.027923,0.213971,15.00,0.032096
202301,UCkMoBvRVfb9TNrzutgaU5jQ,Ads Revenue,HKD,425.530404,52.641709,15.00,7.896256
202301,UCkMoBvRVfb9TNrzutgaU5jQ,Subscriptions Revenue - YouTube Premium / Music Premium,HKD,16.092977,3.24637,15.00,0.486956
202301,UCkNV2Q_V2WBf-JCfR8cpIkQ,Ads Revenue,HKD,29.752871,0.471942,15.00,0.070791
202301,UCkNV2Q_V2WBf-JCfR8cpIkQ,Subscriptions Revenue - YouTube Premium / Music Premium,HKD,0.011022,0.008452,15.00,0.001268
202301,UCkZesHdYVJaQL5nahiWwWmw,Ads Revenue,HKD,227.716137,2.488472,15.00,0.373271
202301,UCkZesHdYVJaQL5nahiWwWmw,Subscriptions Revenue - YouTube Premium / Music Premium,HKD,0.355111,0.27474,15.00,0.041211
202301,UCkdLoz0DR-1qC_42CM3SKfQ,Ads Revenue,HKD,1144.471958,15.995723,24.00,274.67327
202301,UCkdLoz0DR-1qC_42CM3SKfQ,Subscriptions Revenue - YouTube Premium / Music Premium,HKD,0.223824,0.161876,24.00,0.053718
202301,UCkdeQnHWZCk-CQ2vS5k_z3Q,Ads Revenue,HKD,182.81632,34.112394,15.00,5.116859
202301,UCkdeQnHWZCk-CQ2vS5k_z3Q,Subscriptions Revenue - YouTube Premium / Music Premium,HKD,4.913257,1.826461,15.00,0.273969
202301,UCkyA-LtX-e_DoHqAOGTi4UA,Ads Revenue,HKD,4.079728,0.058042,15.00,0.008706
202301,UCkyA-LtX-e_DoHqAOGTi4UA,Subscriptions Revenue - YouTube Premium / Music Premium,HKD,0.003244,0,15.00,0
202301,UCl3_SRNB37_riG5y0idjoPA,Ads Revenue,HKD,34.458033,0.298923,15.00,0.044838
202301,UCl3_SRNB37_riG5y0idjoPA,Subscriptions Revenue - YouTube Premium / Music Premium,HKD,0.007923,0.003846,15.00,0.000577
202301,UCl4AFIzfcvhw7fOkQvQSgMA,Ads Revenue,HKD,909.986393,18.574685,15.00,2.786203
202301,UCl4AFIzfcvhw7fOkQvQSgMA,Subscriptions Revenue - YouTube Premium / Music Premium,HKD,0.643096,0.119656,15.00,0.017948
202301,UCl4xvI8SuFa535CLOGF3-cg,Ads Revenue,HKD,2.495907,0.075511,24.00,0.599018
202301,UClC9O2g240yTTsQMb9EQDsQ,Ads Revenue,HKD,19.86554,0.760487,15.00,0.114073
202301,UClC9O2g240yTTsQMb9EQDsQ,Subscriptions Revenue - YouTube Premium / Music Premium,HKD,0.093028,0.003384,15.00,0.000508
202301,UClSUtuW5ZSQx-xH7DGCxv-w,Ads Revenue,HKD,7.196949,0.135264,15.00,0.02029
202301,UClSUtuW5ZSQx-xH7DGCxv-w,Subscriptions Revenue - YouTube Premium / Music Premium,HKD,0.001137,0,15.00,0
202301,UClgoRWJQTMf-cnnhnJTNu8Q,Ads Revenue,HKD,1036.868225,16.261599,15.00,2.43924
202301,UClgoRWJQTMf-cnnhnJTNu8Q,Subscriptions Revenue - YouTube Premium / Music Premium,HKD,1.067968,0.470237,15.00,0.070536
202301,UClgqmwnI_URSNbsrGHVNpWw,Ads Revenue,HKD,1.688257,0,15.00,0
202301,UClhYvjdTISieAQC5IJFYJHg,Ads Revenue,HKD,113.228285,0.739965,24.00,27.174788
202301,UClhYvjdTISieAQC5IJFYJHg,Subscriptions Revenue - YouTube Premium / Music Premium,HKD,0.079499,0.006112,24.00,0.01908
202301,UCluTtyI9q_XgTNSI2H-NB2Q,Ads Revenue,HKD,309.712462,6.106156,15.00,0.915923
202301,UCluTtyI9q_XgTNSI2H-NB2Q,Subscriptions Revenue - YouTube Premium / Music Premium,HKD,0.357985,0.05241,15.00,0.007862
202301,UCm12bK2SynO1fMNNdfytgEw,Ads Revenue,HKD,885.949177,43.93513,15.00,6.59027
202301,UCm12bK2SynO1fMNNdfytgEw,Subscriptions Revenue - YouTube Premium / Music Premium,HKD,0.914699,0.497215,15.00,0.074582
202301,UCm2yMZgoiIrKKyIbWeUtnew,Ads Revenue,HKD,627.103281,9.89024,15.00,1.483536
202301,UCm2yMZgoiIrKKyIbWeUtnew,Subscriptions Revenue - YouTube Premium / Music Premium,HKD,0.486978,0.031162,15.00,0.004674
202301,UCm3QOeBPQ9eAvsg5ZhdYF-A,Ads Revenue,HKD,210.812478,6.779917,15.00,1.016988
202301,UCm3QOeBPQ9eAvsg5ZhdYF-A,Subscriptions Revenue - YouTube Premium / Music Premium,HKD,0.717973,0.051594,15.00,0.007739
202301,UCm6k_xvCFrtMMrdzAKdDGWA,Ads Revenue,HKD,2931.792535,68.481267,15.00,10.27219
202301,UCm6k_xvCFrtMMrdzAKdDGWA,Subscriptions Revenue - YouTube Premium / Music Premium,HKD,6.1687,2.796032,15.00,0.419405
202301,UCmQ9pw5GRwflivzyF5ImapA,Ads Revenue,HKD,40.117379,0.203769,15.00,0.030565
202301,UCmQ9pw5GRwflivzyF5ImapA,Subscriptions Revenue - YouTube Premium / Music Premium,HKD,0.048124,0.028334,15.00,0.00425
202301,UCmTADRwn1CsKc6xg-mJ5K9Q,Ads Revenue,HKD,1.199338,0,15.00,0
202301,UCmTADRwn1CsKc6xg-mJ5K9Q,Subscriptions Revenue - YouTube Premium / Music Premium,HKD,0.004402,0,15.00,0
202301,UCmhHrdnKgeiV27LCa7VbEPA,Ads Revenue,HKD,186.872918,61.392433,30.00,18.41773
202301,UCmhHrdnKgeiV27LCa7VbEPA,Subscriptions Revenue - YouTube Premium / Music Premium,HKD,9.671767,3.796807,30.00,1.139042
202301,UCml9AnLQtP8j5KkWT96tKVg,Ads Revenue,HKD,1.53195,0,15.00,0
202301,UCml9AnLQtP8j5KkWT96tKVg,Subscriptions Revenue - YouTube Premium / Music Premium,HKD,0.001931,0.001931,15.00,0.00029
202301,UCmv7h5AoZx_hLKEO7CrEB3g,Ads Revenue,HKD,3810.87029,55.656341,15.00,8.348451
202301,UCmv7h5AoZx_hLKEO7CrEB3g,Subscriptions Revenue - YouTube Premium / Music Premium,HKD,2.854069,2.508996,15.00,0.376349
202301,UCn06PhQoppKN3YaMaeGEQNQ,Ads Revenue,HKD,6.071237,0.026725,15.00,0.004009
202301,UCn06PhQoppKN3YaMaeGEQNQ,Subscriptions Revenue - YouTube Premium / Music Premium,HKD,0.029454,0.029454,15.00,0.004418
202301,UCn74opKTxPqI13aPxP-s0Qw,Ads Revenue,HKD,954.598587,114.430589,15.00,17.164588
202301,UCn74opKTxPqI13aPxP-s0Qw,Subscriptions Revenue - YouTube Premium / Music Premium,HKD,0.01955,0.004847,15.00,0.000727
202301,UCnGY7VYRqaq03y-510N_SDA,Ads Revenue,HKD,21.946552,0.278239,15.00,0.041736
202301,UCnGY7VYRqaq03y-510N_SDA,Subscriptions Revenue - YouTube Premium / Music Premium,HKD,0.105054,0.076305,15.00,0.011446
202301,UCnJxU1oJiFoOV8eCy4_H5fg,Ads Revenue,HKD,84.464124,1.710681,15.00,0.256602
202301,UCnJxU1oJiFoOV8eCy4_H5fg,Subscriptions Revenue - YouTube Premium / Music Premium,HKD,0.199595,0.000555,15.00,0.000083
202301,UCnRKlPfcoHCs3NzXIkCM1JA,Ads Revenue,HKD,6531.712576,108.654907,15.00,16.298236
202301,UCnRKlPfcoHCs3NzXIkCM1JA,Subscriptions Revenue - YouTube Premium / Music Premium,HKD,11.769536,6.956446,15.00,1.043467
202301,UCnRlwPLM8kRA0ovABHVXnJg,Ads Revenue,HKD,67.20626,1.158393,24.00,16.129502
202301,UCnRlwPLM8kRA0ovABHVXnJg,Subscriptions Revenue - YouTube Premium / Music Premium,HKD,0.136404,0.092972,24.00,0.032737
202301,UCnePvOdQ-uBSWSIgRoG55gA,Ads Revenue,HKD,16034.921735,4030.295086,24.00,3848.381216
202301,UCnePvOdQ-uBSWSIgRoG55gA,Subscriptions Revenue - YouTube Premium / Music Premium,HKD,1279.482188,515.456146,24.00,307.075725
202301,UCnfVG0iO9sqvahU-VIZoI7Q,Ads Revenue,HKD,497.852216,5.633887,15.00,0.845083
202301,UCnfVG0iO9sqvahU-VIZoI7Q,Subscriptions Revenue - YouTube Premium / Music Premium,HKD,0.337424,0.222853,15.00,0.033428
202301,UCnzMYh7ZH8_S90SAkU0dGIA,Ads Revenue,HKD,328.932368,3.835695,15.00,0.575354
202301,UCnzMYh7ZH8_S90SAkU0dGIA,Subscriptions Revenue - YouTube Premium / Music Premium,HKD,0.245899,0.010735,15.00,0.00161
202301,UCo1YDMWj1W8WU-ZawS0RhtA,Ads Revenue,HKD,529.194228,5.574206,15.00,0.836131
202301,UCo1YDMWj1W8WU-ZawS0RhtA,Subscriptions Revenue - YouTube Premium / Music Premium,HKD,0.421822,0.192894,15.00,0.028934
202301,UCo8g7P-M5NzOD4yf7vj9ZIg,Ads Revenue,HKD,84.01852,2.648433,15.00,0.397265
202301,UCo8g7P-M5NzOD4yf7vj9ZIg,Subscriptions Revenue - YouTube Premium / Music Premium,HKD,0.916472,0.018901,15.00,0.002835
202301,UCo8g7P-M5NzOD4yf7vj9ZIg,YouTube Shorts Revenue,HKD,2543.184777,91.729012,15.00,13.759352
202301,UCoXdYhdp6ifV_Oe-LSIuO5g,Ads Revenue,HKD,1.891043,0,15.00,0
202301,UCoXdYhdp6ifV_Oe-LSIuO5g,Subscriptions Revenue - YouTube Premium / Music Premium,HKD,0.007333,0.003354,15.00,0.000503
202301,UCoreyxBCgNi76Aafw8UzOYA,Ads Revenue,HKD,15.877475,0.092916,15.00,0.013937
202301,UCoreyxBCgNi76Aafw8UzOYA,Subscriptions Revenue - YouTube Premium / Music Premium,HKD,0.000186,0,15.00,0
202301,UCp14CsmLiCAUlB3uSJu8cDw,Ads Revenue,HKD,565.568033,10.129474,15.00,1.519421
202301,UCp14CsmLiCAUlB3uSJu8cDw,Subscriptions Revenue - YouTube Premium / Music Premium,HKD,0.225859,0.001047,15.00,0.000157
202301,UCpNWCsZu0Svbc0mXU7FvbeA,Ads Revenue,HKD,41.741131,1.860878,15.00,0.279132
202301,UCpNWCsZu0Svbc0mXU7FvbeA,Subscriptions Revenue - YouTube Premium / Music Premium,HKD,0.053903,0,15.00,0
202301,UCpR-WSYHt_xsWNc3A5KJEdA,Ads Revenue,HKD,123.178142,0.478353,15.00,0.071753
202301,UCpR-WSYHt_xsWNc3A5KJEdA,Subscriptions Revenue - YouTube Premium / Music Premium,HKD,0.394686,0.234632,15.00,0.035195
202301,UCpXxNcoIc7eFuSPFugvKiYA,Ads Revenue,HKD,4.60221,0.651624,24.00,1.10453
202301,UCpXxNcoIc7eFuSPFugvKiYA,Subscriptions Revenue - YouTube Premium / Music Premium,HKD,0.000148,0,24.00,0.000036
202301,UCpZm05YrDxWgE4f8j6msToA,Ads Revenue,HKD,574.166393,14.816174,15.00,2.222426
202301,UCpZm05YrDxWgE4f8j6msToA,Subscriptions Revenue - YouTube Premium / Music Premium,HKD,2.130322,0.103183,15.00,0.015477
202301,UCpZm05YrDxWgE4f8j6msToA,Super Thanks,HKD,5.668657,0,15.00,0
202301,UCphxVw64-X-4tYRuUj9fk3Q,Ads Revenue,HKD,141.069134,1.33645,15.00,0.200468
202301,UCphxVw64-X-4tYRuUj9fk3Q,Subscriptions Revenue - YouTube Premium / Music Premium,HKD,0.043661,0.028839,15.00,0.004326
202301,UCqBI2z0bWQDeew9rylDS0LQ,Ads Revenue,HKD,549.78344,245.318324,24.00,131.948026
202301,UCqBI2z0bWQDeew9rylDS0LQ,Subscriptions Revenue - YouTube Premium / Music Premium,HKD,21.122222,7.917605,24.00,5.069333
202301,UCqIyktS2FR9Fh0ySEqxO5wQ,Ads Revenue,HKD,11.897139,0.012878,15.00,0.001932
202301,UCqIyktS2FR9Fh0ySEqxO5wQ,Subscriptions Revenue - YouTube Premium / Music Premium,HKD,0.00855,0.001892,15.00,0.000284
202301,UCqNt-4qtNaXu8JBFS3IBJJw,Ads Revenue,HKD,4903.124531,48.256999,15.00,7.23855
202301,UCqNt-4qtNaXu8JBFS3IBJJw,Subscriptions Revenue - YouTube Premium / Music Premium,HKD,7.119101,5.902136,15.00,0.88532
202301,UCqW4GwscIRDcAS0yCAAm1Ug,Ads Revenue,HKD,18.456072,0.128196,15.00,0.019229
202301,UCqW4GwscIRDcAS0yCAAm1Ug,Subscriptions Revenue - YouTube Premium / Music Premium,HKD,0.005275,0.000719,15.00,0.000108
202301,UCqjWIvVnWDBECxE7QUPul0Q,Ads Revenue,HKD,411.880177,2.891322,24.00,98.851242
202301,UCqjWIvVnWDBECxE7QUPul0Q,Subscriptions Revenue - YouTube Premium / Music Premium,HKD,0.284966,0.100999,24.00,0.068392
202301,UCqoP-IkN2b8xCXkNoPbV3yg,Ads Revenue,HKD,121.751497,2.887324,15.00,0.433099
202301,UCqoP-IkN2b8xCXkNoPbV3yg,Subscriptions Revenue - YouTube Premium / Music Premium,HKD,0.161849,0.014089,15.00,0.002113
202301,UCrN6-YITvPPkQScZ1ceznBA,Ads Revenue,HKD,0.379123,0,15.00,0
202301,UCrN6-YITvPPkQScZ1ceznBA,Subscriptions Revenue - YouTube Premium / Music Premium,HKD,0.001282,0,15.00,0
202301,UCrR_Ev3G9Qs3J8ebsXyyocg,Ads Revenue,HKD,1149.667341,67.31699,15.00,10.097549
202301,UCrR_Ev3G9Qs3J8ebsXyyocg,Subscriptions Revenue - YouTube Premium / Music Premium,HKD,14.155036,4.835528,15.00,0.725329
202301,UCrR_Ev3G9Qs3J8ebsXyyocg,Super Thanks,HKD,408.095563,0,15.00,0
202301,UCrSogodjzsvfaUuKEdbtQaw,Ads Revenue,HKD,446.611459,10.337822,15.00,1.550673
202301,UCrSogodjzsvfaUuKEdbtQaw,Subscriptions Revenue - YouTube Premium / Music Premium,HKD,0.19841,0.074263,15.00,0.011139
202301,UCra7ECQ4Y1EivpvyVt8mDEA,Ads Revenue,HKD,44.833882,1.216137,15.00,0.182421
202301,UCra7ECQ4Y1EivpvyVt8mDEA,Subscriptions Revenue - YouTube Premium / Music Premium,HKD,0.159678,0.103142,15.00,0.015471
202301,UCrd3pBujzNRew9fA-LMX3nw,Ads Revenue,HKD,1459.106742,28.847063,15.00,4.327059
202301,UCrd3pBujzNRew9fA-LMX3nw,Subscriptions Revenue - YouTube Premium / Music Premium,HKD,3.332863,2.023535,15.00,0.30353
202301,UCrg_lRnFRCGAnqC7TLHPj2A,Ads Revenue,HKD,9.513034,0.127282,24.00,2.283128
202301,UCrg_lRnFRCGAnqC7TLHPj2A,Subscriptions Revenue - YouTube Premium / Music Premium,HKD,0.015956,0.009891,24.00,0.003829
202301,UCrp8wBHH9A17r5rAAxdN12Q,Ads Revenue,HKD,13.600717,0.032316,15.00,0.004847
202301,UCrp8wBHH9A17r5rAAxdN12Q,Subscriptions Revenue - YouTube Premium / Music Premium,HKD,0.001022,0.000203,15.00,0.00003
202301,UCs-HRvvsJSu9FG0_qvFMO_g,Ads Revenue,HKD,0.784925,0,15.00,0
202301,UCs5b3oolfncGdEN8QeA-YNA,Ads Revenue,HKD,34.732777,0.549485,15.00,0.082423
202301,UCs5b3oolfncGdEN8QeA-YNA,Subscriptions Revenue - YouTube Premium / Music Premium,HKD,0.054906,0.005051,15.00,0.000758
202301,UCsCVmC7iGgXnPRck54D8RdQ,Ads Revenue,HKD,36.623007,0.024701,15.00,0.003705
202301,UCsCVmC7iGgXnPRck54D8RdQ,Subscriptions Revenue - YouTube Premium / Music Premium,HKD,11.896659,0,15.00,0
202301,UCsDdsTUR9STZWIizjRPf2xg,Ads Revenue,HKD,409.567682,4.104158,15.00,0.615624
202301,UCsDdsTUR9STZWIizjRPf2xg,Subscriptions Revenue - YouTube Premium / Music Premium,HKD,0.760434,0.371425,15.00,0.055714
202301,UCsOSCfq1ajCZ2mIYeTPRlRg,Ads Revenue,HKD,1810.855853,20.977278,15.00,3.146592
202301,UCsOSCfq1ajCZ2mIYeTPRlRg,Subscriptions Revenue - YouTube Premium / Music Premium,HKD,4.27008,2.135922,15.00,0.320388
202301,UCsQYT26hmAs5On5q9aMih-g,Ads Revenue,HKD,2536.992591,328.018352,15.00,49.202753
202301,UCsQYT26hmAs5On5q9aMih-g,Subscriptions Revenue - YouTube Premium / Music Premium,HKD,0.199603,0.082915,15.00,0.012437
202301,UCsWTa-uLURBNDPhHLatT1Lw,Ads Revenue,HKD,631.063133,11.468111,24.00,151.455152
202301,UCsWTa-uLURBNDPhHLatT1Lw,Subscriptions Revenue - YouTube Premium / Music Premium,HKD,0.249097,0.124013,24.00,0.059783
202301,UCsYIeDDoYZ_9Dt6VLxIwCwQ,Ads Revenue,HKD,56.713149,1.071411,15.00,0.160712
202301,UCsYIeDDoYZ_9Dt6VLxIwCwQ,Subscriptions Revenue - YouTube Premium / Music Premium,HKD,0.326396,0.117045,15.00,0.017557
202301,UCss7SRmvryxxb-WBTxjggew,Ads Revenue,HKD,97.983928,6.64499,24.00,23.516143
202301,UCss7SRmvryxxb-WBTxjggew,Subscriptions Revenue - YouTube Premium / Music Premium,HKD,1.35163,0.088136,24.00,0.324391
202301,UCsu11fiUZTel-A0Vbc7eVTg,Ads Revenue,HKD,369.842266,6.796667,15.00,1.0195
202301,UCsu11fiUZTel-A0Vbc7eVTg,Subscriptions Revenue - YouTube Premium / Music Premium,HKD,0.892835,0.64501,15.00,0.096752
202301,UCswjbpo63eE0FxHdim5_t5w,Ads Revenue,HKD,34.010885,2.755018,15.00,0.413253
202301,UCswjbpo63eE0FxHdim5_t5w,Subscriptions Revenue - YouTube Premium / Music Premium,HKD,0.023478,0.022159,15.00,0.003324
202301,UCt5UIqAdgQw_CWh16EAL9VQ,Ads Revenue,HKD,52.338831,0.355855,30.00,0.106757
202301,UCt5UIqAdgQw_CWh16EAL9VQ,Subscriptions Revenue - YouTube Premium / Music Premium,HKD,0.104726,0.000289,30.00,0.000087
202301,UCtH1sG8Ay63xm7L1sdky3Cg,Ads Revenue,HKD,116.539138,1.419707,15.00,0.212956
202301,UCtH1sG8Ay63xm7L1sdky3Cg,Subscriptions Revenue - YouTube Premium / Music Premium,HKD,0.040789,0.026755,15.00,0.004013
202301,UCtRZx4fjkIs949CeHjolSqg,Ads Revenue,HKD,4202.518859,62.760476,15.00,9.414071
202301,UCtRZx4fjkIs949CeHjolSqg,Subscriptions Revenue - YouTube Premium / Music Premium,HKD,2.96435,2.294192,15.00,0.344129
202301,UCtVJ84lmpbXpsKX2d5GX2Qg,Ads Revenue,HKD,1005.648053,18.731146,15.00,2.809672
202301,UCtVJ84lmpbXpsKX2d5GX2Qg,Subscriptions Revenue - YouTube Premium / Music Premium,HKD,2.099064,1.355543,15.00,0.203331
202301,UCtyM2-qYFeNsSlbTc1cDa-A,Ads Revenue,HKD,1559.442225,14.71447,15.00,2.207171
202301,UCtyM2-qYFeNsSlbTc1cDa-A,Subscriptions Revenue - YouTube Premium / Music Premium,HKD,1.991662,0.250874,15.00,0.037631
202301,UCu7tUBWSp7OoIiSBopZaqmA,Ads Revenue,HKD,11.547578,1.44145,15.00,0.216217
202301,UCu7tUBWSp7OoIiSBopZaqmA,Subscriptions Revenue - YouTube Premium / Music Premium,HKD,0.026808,0,15.00,0
202301,UCuIw0Z8gf_mD4yXpOP9m7MA,Ads Revenue,HKD,124.885294,3.109909,15.00,0.466486
202301,UCuIw0Z8gf_mD4yXpOP9m7MA,Subscriptions Revenue - YouTube Premium / Music Premium,HKD,0.235653,0.030868,15.00,0.00463
202301,UCuM1u6ZwwyqOne6Ln3LZ8_A,Ads Revenue,HKD,6.223924,0.048987,24.00,1.493742
202301,UCuM1u6ZwwyqOne6Ln3LZ8_A,Subscriptions Revenue - YouTube Premium / Music Premium,HKD,0.049549,0.000797,24.00,0.011892
202301,UCuVjrzUA1mYdLPWbsgGpNkA,Ads Revenue,HKD,296.18189,3.5719,15.00,0.535785
202301,UCuVjrzUA1mYdLPWbsgGpNkA,Subscriptions Revenue - YouTube Premium / Music Premium,HKD,0.162557,0.099689,15.00,0.014953
202301,UCuYd1RGmBfTIcdNIDzBqptw,Ads Revenue,HKD,157.54751,4.124838,15.00,0.618726
202301,UCuYd1RGmBfTIcdNIDzBqptw,Subscriptions Revenue - YouTube Premium / Music Premium,HKD,1.418881,0.158496,15.00,0.023774
202301,UCubpLr9mkVGrMBOTChqHCpw,Ads Revenue,HKD,6.750359,0.112888,15.00,0.016933
202301,UCubpLr9mkVGrMBOTChqHCpw,Subscriptions Revenue - YouTube Premium / Music Premium,HKD,0.006317,0.0062,15.00,0.00093
202301,UCujz-Nve3odh2YjXt1oZ_5g,Ads Revenue,HKD,589.441815,6.752705,15.00,1.012906
202301,UCujz-Nve3odh2YjXt1oZ_5g,Subscriptions Revenue - YouTube Premium / Music Premium,HKD,0.798468,0.041056,15.00,0.006158
202301,UCutx05lCUUGkKosgMyLckQw,Ads Revenue,HKD,1235.39078,9.863639,24.00,296.493787
202301,UCutx05lCUUGkKosgMyLckQw,Subscriptions Revenue - YouTube Premium / Music Premium,HKD,1.823897,1.488335,24.00,0.437735
202301,UCv01B_jTa6uqBOHBYFRclBA,Ads Revenue,HKD,1790.303357,38.678367,15.00,5.801755
202301,UCv01B_jTa6uqBOHBYFRclBA,Subscriptions Revenue - YouTube Premium / Music Premium,HKD,17.875503,3.081356,15.00,0.462203
202301,UCv9V8U9Yp6yWIXtSTL3WSpg,Ads Revenue,HKD,58.763624,0.485209,15.00,0.072781
202301,UCv9V8U9Yp6yWIXtSTL3WSpg,Subscriptions Revenue - YouTube Premium / Music Premium,HKD,0.044519,0.027452,15.00,0.004118
202301,UCvMqUYBlqRkDfpEc2BP9MWQ,Ads Revenue,HKD,1169.146675,148.139645,24.00,280.595202
202301,UCvMqUYBlqRkDfpEc2BP9MWQ,Subscriptions Revenue - YouTube Premium / Music Premium,HKD,0.058674,0.005573,24.00,0.014082
202301,UCvRL1BSUYbb4L_Nv5NZG82Q,Ads Revenue,HKD,2081.62709,36.919304,30.00,11.075791
202301,UCvRL1BSUYbb4L_Nv5NZG82Q,Subscriptions Revenue - YouTube Premium / Music Premium,HKD,5.621512,1.836576,30.00,0.550973
202301,UCvTvZPko5bf1uzVIFrXFr-w,Ads Revenue,HKD,2.647424,0.03869,15.00,0.005804
202301,UCvTvZPko5bf1uzVIFrXFr-w,Subscriptions Revenue - YouTube Premium / Music Premium,HKD,0.000164,0.000125,15.00,0.000019
202301,UCv_A0pyKboN9kJNlusB6GXg,Ads Revenue,HKD,217.983536,18.031724,15.00,2.704759
202301,UCv_A0pyKboN9kJNlusB6GXg,Subscriptions Revenue - YouTube Premium / Music Premium,HKD,0.132329,0,15.00,0
202301,UCvicumWmmKCGBl6U96rWuHQ,Ads Revenue,HKD,5839.255104,1069.132664,15.00,160.3699
202301,UCvicumWmmKCGBl6U96rWuHQ,Subscriptions Revenue - YouTube Premium / Music Premium,HKD,37.733559,17.764196,15.00,2.664629
202301,UCwFeRGLoFE-wuEhMgBtws7w,Ads Revenue,HKD,501.535562,5.795907,15.00,0.869386
202301,UCwFeRGLoFE-wuEhMgBtws7w,Subscriptions Revenue - YouTube Premium / Music Premium,HKD,3.027802,0.917673,15.00,0.137651
202301,UCwTqz3Tg62MBq21fAE9Xoog,Ads Revenue,HKD,485.788954,0,15.00,0
202301,UCwTqz3Tg62MBq21fAE9Xoog,Subscriptions Revenue - YouTube Premium / Music Premium,HKD,2.949395,0,15.00,0
202301,UCwdW3038lZxAucqozJRHYHw,Ads Revenue,HKD,463.656427,5.324344,15.00,0.798652
202301,UCwdW3038lZxAucqozJRHYHw,Subscriptions Revenue - YouTube Premium / Music Premium,HKD,2.175524,1.943285,15.00,0.291493
202301,UCwg-ELjUYkwy1VLfXDtikeA,Ads Revenue,HKD,80.230416,1.591018,15.00,0.238653
202301,UCwg-ELjUYkwy1VLfXDtikeA,Subscriptions Revenue - YouTube Premium / Music Premium,HKD,0.263956,0.180954,15.00,0.027143
202301,UCwk-GdJ1OUOd5ki3yWEceug,Ads Revenue,HKD,132.70209,40.069615,30.00,12.020885
202301,UCwk-GdJ1OUOd5ki3yWEceug,Subscriptions Revenue - YouTube Premium / Music Premium,HKD,1.819458,0.959442,30.00,0.287833
202301,UCwln_49_dRiYOkkRzR9Sl-A,Ads Revenue,HKD,3.663617,0,24.00,0.879268
202301,UCwln_49_dRiYOkkRzR9Sl-A,Subscriptions Revenue - YouTube Premium / Music Premium,HKD,0.01356,0.005566,24.00,0.003254
202301,UCx-i4QISa-LvJ0MJrjQQGwA,Ads Revenue,HKD,1027.601497,14.035312,30.00,4.210594
202301,UCx-i4QISa-LvJ0MJrjQQGwA,Subscriptions Revenue - YouTube Premium / Music Premium,HKD,2.607867,1.859032,30.00,0.55771
202301,UCx6HIS8YkiJqut-tKnEacLw,Ads Revenue,HKD,918.357589,11.579061,15.00,1.736859
202301,UCx6HIS8YkiJqut-tKnEacLw,Subscriptions Revenue - YouTube Premium / Music Premium,HKD,1.695633,0.11706,15.00,0.017559
202301,UCxU_7RIlnUv5S1cYtMWuOrw,Ads Revenue,HKD,36.115768,0.66565,15.00,0.099848
202301,UCxU_7RIlnUv5S1cYtMWuOrw,Subscriptions Revenue - YouTube Premium / Music Premium,HKD,0.072592,0.008999,15.00,0.00135
202301,UCxqGy6X9B6VFO3v8p9OH2wA,Ads Revenue,HKD,123.790208,1.319474,15.00,0.197921
202301,UCxqGy6X9B6VFO3v8p9OH2wA,Subscriptions Revenue - YouTube Premium / Music Premium,HKD,0.079963,0.036576,15.00,0.005486
202301,UCxsBG7al-7_gOl0rX7CVWag,Ads Revenue,HKD,204.225722,2.294144,15.00,0.344122
202301,UCxsBG7al-7_gOl0rX7CVWag,Subscriptions Revenue - YouTube Premium / Music Premium,HKD,0.123644,0.037856,15.00,0.005678
202301,UCxuavIxdTiPt6t0L4REBwBw,Ads Revenue,HKD,1493.837408,447.619128,0.00,0
202301,UCxuavIxdTiPt6t0L4REBwBw,Subscriptions Revenue - YouTube Premium / Music Premium,HKD,123.375656,48.246178,0.00,0
202301,UCxyUr81xgYDBzjcd0NvohAA,Ads Revenue,HKD,61.361742,1.070205,30.00,0.321062
202301,UCxyUr81xgYDBzjcd0NvohAA,Subscriptions Revenue - YouTube Premium / Music Premium,HKD,0.1375,0.002533,30.00,0.00076
202301,UCxyse_lm6g6Hx-VHXm14QLg,Ads Revenue,HKD,185.617325,3.22927,15.00,0.484391
202301,UCxyse_lm6g6Hx-VHXm14QLg,Subscriptions Revenue - YouTube Premium / Music Premium,HKD,0.211296,0.045345,15.00,0.006802
202301,UCy55ba__XkvFiAW9B78jxsw,Ads Revenue,HKD,13149.006329,181.438272,30.00,54.431482
202301,UCy55ba__XkvFiAW9B78jxsw,Subscriptions Revenue - YouTube Premium / Music Premium,HKD,19.401478,7.256236,30.00,2.176871
202301,UCy8oKsoLyRpNBz_3o4aAi6w,Ads Revenue,HKD,33.803627,0.257301,24.00,8.11287
202301,UCy8oKsoLyRpNBz_3o4aAi6w,Subscriptions Revenue - YouTube Premium / Music Premium,HKD,0.00751,0.006051,24.00,0.001802
202301,UCyJDUI089O2ZKr8zZXWBo8g,Ads Revenue,HKD,216.305364,3.545152,15.00,0.531773
202301,UCyJDUI089O2ZKr8zZXWBo8g,Subscriptions Revenue - YouTube Premium / Music Premium,HKD,0.087189,0.006785,15.00,0.001018
202301,UCyp9bL2U2JHbZS18-koZsYA,Ads Revenue,HKD,2265.850262,28.112236,15.00,4.216835
202301,UCyp9bL2U2JHbZS18-koZsYA,Subscriptions Revenue - YouTube Premium / Music Premium,HKD,3.34102,0.558404,15.00,0.083761
202301,UCyu5VRawT4ISMsklEShE8Nw,Ads Revenue,HKD,194.97259,2.408728,15.00,0.361309
202301,UCyu5VRawT4ISMsklEShE8Nw,Subscriptions Revenue - YouTube Premium / Music Premium,HKD,0.493848,0.106923,15.00,0.016038
202301,UCz3YpUwUzsMyyGX07ur8k_Q,Ads Revenue,HKD,21.34962,0.271126,15.00,0.040669
202301,UCz3YpUwUzsMyyGX07ur8k_Q,Subscriptions Revenue - YouTube Premium / Music Premium,HKD,0.006494,0,15.00,0
202301,UCzFXy8aBDjyJwN-b0NfR5ng,Ads Revenue,HKD,7117.445557,59.960857,30.00,17.988257
202301,UCzFXy8aBDjyJwN-b0NfR5ng,Subscriptions Revenue - YouTube Premium / Music Premium,HKD,8.224086,4.41406,30.00,1.324218
202301,UCzJJa_wjVuCg2Fecfjr46vQ,Ads Revenue,HKD,222.906704,3.404479,15.00,0.510672
202301,UCzJJa_wjVuCg2Fecfjr46vQ,Subscriptions Revenue - YouTube Premium / Music Premium,HKD,0.267538,0.206741,15.00,0.031011
202301,UCzLFuIWiNFcrmBQMem7rqIg,Ads Revenue,HKD,0.792162,0,15.00,0
202301,UCzLFuIWiNFcrmBQMem7rqIg,Subscriptions Revenue - YouTube Premium / Music Premium,HKD,0.040362,0,15.00,0
202301,UCzSiooNxBOC7Y3ndEBS5HHA,Ads Revenue,HKD,18.278696,0.103347,15.00,0.015502
202301,UCzSiooNxBOC7Y3ndEBS5HHA,Subscriptions Revenue - YouTube Premium / Music Premium,HKD,0.037374,0.007647,15.00,0.001147
202301,UCzigNDOxonVz_SpIfgzKuQw,Ads Revenue,HKD,16.886575,0.136468,15.00,0.02047
202301,UCzigNDOxonVz_SpIfgzKuQw,Subscriptions Revenue - YouTube Premium / Music Premium,HKD,0.057023,0,15.00,0
202301,UCzri-vLPKVC6rf69Pwxluzg,Ads Revenue,HKD,0.010294,0,30.00,0
