Adjustment_Type,Day,Country,Video_ID,Channel_ID,Asset_ID,Asset Label,Asset_Channel_ID,Asset_Type,Custom_ID,ISRC,ISWC,HFA_Song_Code,Content_Type,Policy,Claim_Type,Claim_Origin,Music_Claim_Type,Composition_Right_Type,Ownership_Percentage,Owned_Views,YouTube_Revenue_Split___Auction,YouTube_Revenue_Split___Reserved,YouTube_Revenue_Split___Partner_Sold_YouTube_Served,YouTube_Revenue_Split___Partner_Sold_Partner_Served,YouTube_Revenue_Split,Partner_Revenue___Auction,Partner_Revenue___Reserved,Partner_Revenue___Partner_Sold_YouTube_Served,Partner_Revenue___Partner_Sold_Partner_Served,Partner_Revenue
None,20220527,IN,rHWV0yYOlCY,UCnZSONPuyae9M9O2zco-Spg,A948489142167895,AVM,,Composition,A985079804589306,,,,UGC,monetize,Audio,Audio Match,Embedded,Performance,100,1,0.000202,0,0,0,0.000202,2.00E-06,0,0,0,2.00E-06
None,20220514,IN,rHWV0yYOlCY,UCnZSONPuyae9M9O2zco-Spg,A948489142167895,AVM,,Composition,A985079804589306,,,,UGC,monetize,Audio,Audio Match,Embedded,Mechanical,100,1,0,0,0,0,0,0,0,0,0,0
None,20220512,IN,sN_JKp6Z8-8,UC342rWhR2pgnvB-Ml2RlXVA,A948489142167895,AVM,,Composition,A985079804589306,,,,UGC,monetize,Audio,Audio Match,Embedded,Mechanical,100,1,0,0,0,0,0,0,0,0,0,0
None,20220505,IN,tkSm9AXEubI,UCLsZHXq1HdNhKuKR8GYx_lA,A948489142167895,AVM,,Composition,A985079804589306,,,,UGC,monetize,Audio,Audio Match,Embedded,Mechanical,100,1,0,0,0,0,0,0,0,0,0,0
None,20220530,IN,tkSm9AXEubI,UCLsZHXq1HdNhKuKR8GYx_lA,A948489142167895,AVM,,Composition,A985079804589306,,,,UGC,monetize,Audio,Audio Match,Embedded,Performance,100,1,0,0,0,0,0,0,0,0,0,0
None,20220524,IN,vCv4KZLjGLI,UCBCFivYDUwxKsmebsZ_GRWQ,A948489142167895,AVM,,Composition,A985079804589306,,,,UGC,monetize,Audio,Audio Match,Embedded,Performance,100,1,0,0,0,0,0,0,0,0,0,0
None,20220519,IN,vCv4KZLjGLI,UCBCFivYDUwxKsmebsZ_GRWQ,A948489142167895,AVM,,Composition,A985079804589306,,,,UGC,monetize,Audio,Audio Match,Embedded,Mechanical,100,1,0,0,0,0,0,0,0,0,0,0
None,20220531,IN,vCv4KZLjGLI,UCBCFivYDUwxKsmebsZ_GRWQ,A948489142167895,AVM,,Composition,A985079804589306,,,,UGC,monetize,Audio,Audio Match,Embedded,Performance,100,1,0,0,0,0,0,0,0,0,0,0
None,20220523,IN,vCv4KZLjGLI,UCBCFivYDUwxKsmebsZ_GRWQ,A948489142167895,AVM,,Composition,A985079804589306,,,,UGC,monetize,Audio,Audio Match,Embedded,Mechanical,100,1,0,0,0,0,0,0,0,0,0,0
None,20220507,IN,vCv4KZLjGLI,UCBCFivYDUwxKsmebsZ_GRWQ,A948489142167895,AVM,,Composition,A985079804589306,,,,UGC,monetize,Audio,Audio Match,Embedded,Mechanical,100,1,0,0,0,0,0,0,0,0,0,0
None,20220521,IN,vCv4KZLjGLI,UCBCFivYDUwxKsmebsZ_GRWQ,A948489142167895,AVM,,Composition,A985079804589306,,,,UGC,monetize,Audio,Audio Match,Embedded,Performance,100,2,0,0,0,0,0,0,0,0,0,0
None,20220523,IN,vCv4KZLjGLI,UCBCFivYDUwxKsmebsZ_GRWQ,A948489142167895,AVM,,Composition,A985079804589306,,,,UGC,monetize,Audio,Audio Match,Embedded,Performance,100,1,0,0,0,0,0,0,0,0,0,0
None,20220506,IN,vCv4KZLjGLI,UCBCFivYDUwxKsmebsZ_GRWQ,A948489142167895,AVM,,Composition,A985079804589306,,,,UGC,monetize,Audio,Audio Match,Embedded,Performance,100,3,0,0,0,0,0,0,0,0,0,0
None,20220522,IN,vCv4KZLjGLI,UCBCFivYDUwxKsmebsZ_GRWQ,A948489142167895,AVM,,Composition,A985079804589306,,,,UGC,monetize,Audio,Audio Match,Embedded,Mechanical,100,3,0,0,0,0,0,0,0,0,0,0
None,20220510,IN,vCv4KZLjGLI,UCBCFivYDUwxKsmebsZ_GRWQ,A948489142167895,AVM,,Composition,A985079804589306,,,,UGC,monetize,Audio,Audio Match,Embedded,Mechanical,100,1,0,0,0,0,0,0,0,0,0,0
None,20220508,IN,vCv4KZLjGLI,UCBCFivYDUwxKsmebsZ_GRWQ,A948489142167895,AVM,,Composition,A985079804589306,,,,UGC,monetize,Audio,Audio Match,Embedded,Mechanical,100,4,0,0,0,0,0,0,0,0,0,0
None,20220509,IN,vCv4KZLjGLI,UCBCFivYDUwxKsmebsZ_GRWQ,A948489142167895,AVM,,Composition,A985079804589306,,,,UGC,monetize,Audio,Audio Match,Embedded,Performance,100,1,0,0,0,0,0,0,0,0,0,0
None,20220512,IN,vCv4KZLjGLI,UCBCFivYDUwxKsmebsZ_GRWQ,A948489142167895,AVM,,Composition,A985079804589306,,,,UGC,monetize,Audio,Audio Match,Embedded,Performance,100,2,0,0,0,0,0,0,0,0,0,0
None,20220510,IN,vCv4KZLjGLI,UCBCFivYDUwxKsmebsZ_GRWQ,A948489142167895,AVM,,Composition,A985079804589306,,,,UGC,monetize,Audio,Audio Match,Embedded,Performance,100,1,0,0,0,0,0,0,0,0,0,0
None,20220518,IN,vCv4KZLjGLI,UCBCFivYDUwxKsmebsZ_GRWQ,A948489142167895,AVM,,Composition,A985079804589306,,,,UGC,monetize,Audio,Audio Match,Embedded,Mechanical,100,5,0,0,0,0,0,0,0,0,0,0
None,20220507,IN,vCv4KZLjGLI,UCBCFivYDUwxKsmebsZ_GRWQ,A948489142167895,AVM,,Composition,A985079804589306,,,,UGC,monetize,Audio,Audio Match,Embedded,Performance,100,1,0,0,0,0,0,0,0,0,0,0
None,20220521,IN,vCv4KZLjGLI,UCBCFivYDUwxKsmebsZ_GRWQ,A948489142167895,AVM,,Composition,A985079804589306,,,,UGC,monetize,Audio,Audio Match,Embedded,Mechanical,100,2,0,0,0,0,0,0,0,0,0,0
None,20220525,IN,vCv4KZLjGLI,UCBCFivYDUwxKsmebsZ_GRWQ,A948489142167895,AVM,,Composition,A985079804589306,,,,UGC,monetize,Audio,Audio Match,Embedded,Mechanical,100,1,0,0,0,0,0,0,0,0,0,0
None,20220504,IN,vCv4KZLjGLI,UCBCFivYDUwxKsmebsZ_GRWQ,A948489142167895,AVM,,Composition,A985079804589306,,,,UGC,monetize,Audio,Audio Match,Embedded,Performance,100,3,0,0,0,0,0,0,0,0,0,0
None,20220505,IN,vCv4KZLjGLI,UCBCFivYDUwxKsmebsZ_GRWQ,A948489142167895,AVM,,Composition,A985079804589306,,,,UGC,monetize,Audio,Audio Match,Embedded,Performance,100,2,0,0,0,0,0,0,0,0,0,0
None,20220511,IN,vCv4KZLjGLI,UCBCFivYDUwxKsmebsZ_GRWQ,A948489142167895,AVM,,Composition,A985079804589306,,,,UGC,monetize,Audio,Audio Match,Embedded,Mechanical,100,3,0,0,0,0,0,0,0,0,0,0
None,20220515,IN,vCv4KZLjGLI,UCBCFivYDUwxKsmebsZ_GRWQ,A948489142167895,AVM,,Composition,A985079804589306,,,,UGC,monetize,Audio,Audio Match,Embedded,Performance,100,1,0,0,0,0,0,0,0,0,0,0
None,20220514,IN,x9E20_nswYM,UCmR44bXOrNpcSeeiHDdTcQg,A948489142167895,AVM,,Composition,A985079804589306,,,,UGC,track,Audio,Audio Match,Embedded,Mechanical,100,1,0,0,0,0,0,0,0,0,0,0
None,20220518,IN,FM3Q0Aj-xg0,UCuhpFrpyPy4HG4_5ofsyg9w,A573709688849351,AVM,,Composition,A985774067035538,,,,UGC,monetize,Audio,Audio Match,Embedded,Mechanical,100,22,0.002448,0,0,0,0.002448,2.60E-05,0,0,0,2.60E-05
None,20220502,IN,FM3Q0Aj-xg0,UCuhpFrpyPy4HG4_5ofsyg9w,A573709688849351,AVM,,Composition,A985774067035538,,,,UGC,monetize,Audio,Audio Match,Embedded,Mechanical,100,17,0.004955,0,0,0,0.004955,4.70E-05,0,0,0,4.70E-05
None,20220531,IN,FM3Q0Aj-xg0,UCuhpFrpyPy4HG4_5ofsyg9w,A573709688849351,AVM,,Composition,A985774067035538,,,,UGC,monetize,Audio,Audio Match,Embedded,Performance,100,12,0.001197,0,0,0,0.001197,1.30E-05,0,0,0,1.30E-05
None,20220513,IN,FM3Q0Aj-xg0,UCuhpFrpyPy4HG4_5ofsyg9w,A573709688849351,AVM,,Composition,A985774067035538,,,,UGC,monetize,Audio,Audio Match,Embedded,Mechanical,100,20,0.002713,0,0,0,0.002713,2.90E-05,0,0,0,2.90E-05
None,20220512,IN,FM3Q0Aj-xg0,UCuhpFrpyPy4HG4_5ofsyg9w,A573709688849351,AVM,,Composition,A985774067035538,,,,UGC,monetize,Audio,Audio Match,Embedded,Mechanical,100,25,0.00277,0,0,0,0.00277,2.80E-05,0,0,0,2.80E-05
None,20220501,IN,FM3Q0Aj-xg0,UCuhpFrpyPy4HG4_5ofsyg9w,A573709688849351,AVM,,Composition,A985774067035538,,,,UGC,monetize,Audio,Audio Match,Embedded,Performance,100,25,0.007457,0,0,0,0.007457,6.90E-05,0,0,0,6.90E-05
None,20220522,IN,FM3Q0Aj-xg0,UCuhpFrpyPy4HG4_5ofsyg9w,A573709688849351,AVM,,Composition,A985774067035538,,,,UGC,monetize,Audio,Audio Match,Embedded,Mechanical,100,39,0.004044,0,0,0,0.004044,4.20E-05,0,0,0,4.20E-05
None,20220508,IN,FM3Q0Aj-xg0,UCuhpFrpyPy4HG4_5ofsyg9w,A573709688849351,AVM,,Composition,A985774067035538,,,,UGC,monetize,Audio,Audio Match,Embedded,Performance,100,23,0.002542,0,0,0,0.002542,2.60E-05,0,0,0,2.60E-05
None,20220512,IN,FM3Q0Aj-xg0,UCuhpFrpyPy4HG4_5ofsyg9w,A573709688849351,AVM,,Composition,A985774067035538,,,,UGC,monetize,Audio,Audio Match,Embedded,Performance,100,25,0.00277,0,0,0,0.00277,2.80E-05,0,0,0,2.80E-05
None,20220524,IN,FM3Q0Aj-xg0,UCuhpFrpyPy4HG4_5ofsyg9w,A573709688849351,AVM,,Composition,A985774067035538,,,,UGC,monetize,Audio,Audio Match,Embedded,Performance,100,22,0.001461,0,0,0,0.001461,1.80E-05,0,0,0,1.80E-05
None,20220501,IN,FM3Q0Aj-xg0,UCuhpFrpyPy4HG4_5ofsyg9w,A573709688849351,AVM,,Composition,A985774067035538,,,,UGC,monetize,Audio,Audio Match,Embedded,Mechanical,100,25,0.007457,0,0,0,0.007457,6.90E-05,0,0,0,6.90E-05
None,20220529,IN,FM3Q0Aj-xg0,UCuhpFrpyPy4HG4_5ofsyg9w,A573709688849351,AVM,,Composition,A985774067035538,,,,UGC,monetize,Audio,Audio Match,Embedded,Performance,100,33,0.00564,0,0,0,0.00564,5.40E-05,0,0,0,5.40E-05
None,20220529,IN,FM3Q0Aj-xg0,UCuhpFrpyPy4HG4_5ofsyg9w,A573709688849351,AVM,,Composition,A985774067035538,,,,UGC,monetize,Audio,Audio Match,Embedded,Mechanical,100,33,0.00564,0,0,0,0.00564,5.40E-05,0,0,0,5.40E-05
None,20220505,IN,FM3Q0Aj-xg0,UCuhpFrpyPy4HG4_5ofsyg9w,A573709688849351,AVM,,Composition,A985774067035538,,,,UGC,monetize,Audio,Audio Match,Embedded,Mechanical,100,20,0.007412,0,0,0,0.007412,7.10E-05,0,0,0,7.10E-05
None,20220518,IN,FM3Q0Aj-xg0,UCuhpFrpyPy4HG4_5ofsyg9w,A573709688849351,AVM,,Composition,A985774067035538,,,,UGC,monetize,Audio,Audio Match,Embedded,Performance,100,22,0.002448,0,0,0,0.002448,2.60E-05,0,0,0,2.60E-05
None,20220508,IN,FM3Q0Aj-xg0,UCuhpFrpyPy4HG4_5ofsyg9w,A573709688849351,AVM,,Composition,A985774067035538,,,,UGC,monetize,Audio,Audio Match,Embedded,Mechanical,100,23,0.002542,0,0,0,0.002542,2.60E-05,0,0,0,2.60E-05
None,20220516,IN,b5ko5Kxa87I,UCuhpFrpyPy4HG4_5ofsyg9w,A573709688849351,AVM,,Composition,A985774067035538,,,,UGC,monetize,Audio,Audio Match,Embedded,Performance,100,1,0,0,0,0,0,0,0,0,0,0
None,20220515,IN,b5ko5Kxa87I,UCuhpFrpyPy4HG4_5ofsyg9w,A573709688849351,AVM,,Composition,A985774067035538,,,,UGC,monetize,Audio,Audio Match,Embedded,Performance,100,2,0,0,0,0,0,0,0,0,0,0
None,20220504,IN,b5ko5Kxa87I,UCuhpFrpyPy4HG4_5ofsyg9w,A573709688849351,AVM,,Composition,A985774067035538,,,,UGC,monetize,Audio,Audio Match,Embedded,Performance,100,7,0,0,0,0,0,0,0,0,0,0
None,20220516,IN,b5ko5Kxa87I,UCuhpFrpyPy4HG4_5ofsyg9w,A573709688849351,AVM,,Composition,A985774067035538,,,,UGC,monetize,Audio,Audio Match,Embedded,Mechanical,100,1,0,0,0,0,0,0,0,0,0,0
None,20220523,IN,b5ko5Kxa87I,UCuhpFrpyPy4HG4_5ofsyg9w,A573709688849351,AVM,,Composition,A985774067035538,,,,UGC,monetize,Audio,Audio Match,Embedded,Mechanical,100,1,0,0,0,0,0,0,0,0,0,0
None,20220506,IN,b5ko5Kxa87I,UCuhpFrpyPy4HG4_5ofsyg9w,A573709688849351,AVM,,Composition,A985774067035538,,,,UGC,monetize,Audio,Audio Match,Embedded,Performance,100,2,0.00047,0,0,0,0.00047,5.00E-06,0,0,0,5.00E-06
None,20220522,IN,gQjGoPNvGzw,UCx3_XvRUOrCFHYpNV7IFDLw,A573709688849351,AVM,,Composition,A985774067035538,,,,UGC,monetize,Audio,Audio Match,Embedded,Mechanical,100,1,0,0,0,0,0,0,0,0,0,0
None,20220510,IN,gQjGoPNvGzw,UCx3_XvRUOrCFHYpNV7IFDLw,A573709688849351,AVM,,Composition,A985774067035538,,,,UGC,monetize,Audio,Audio Match,Embedded,Performance,100,1,0,0,0,0,0,0,0,0,0,0
None,20220521,IN,gQjGoPNvGzw,UCx3_XvRUOrCFHYpNV7IFDLw,A573709688849351,AVM,,Composition,A985774067035538,,,,UGC,monetize,Audio,Audio Match,Embedded,Performance,100,1,0,0,0,0,0,0,0,0,0,0
None,20220520,IN,gQjGoPNvGzw,UCx3_XvRUOrCFHYpNV7IFDLw,A573709688849351,AVM,,Composition,A985774067035538,,,,UGC,monetize,Audio,Audio Match,Embedded,Mechanical,100,1,0,0,0,0,0,0,0,0,0,0
None,20220521,IN,gQjGoPNvGzw,UCx3_XvRUOrCFHYpNV7IFDLw,A573709688849351,AVM,,Composition,A985774067035538,,,,UGC,monetize,Audio,Audio Match,Embedded,Mechanical,100,1,0,0,0,0,0,0,0,0,0,0
None,20220522,IN,kTZJJawjgts,UCa6LZQAQAstROEIb6q5rIbQ,A573709688849351,AVM,,Composition,A985774067035538,,,,UGC,monetize,Audio,Audio Match,Embedded,Mechanical,100,1,0,0,0,0,0,0,0,0,0,0
None,20220506,IN,ujEvx9ABQug,UCuCtv6_Kba3_H12GgtYRu3A,A573709688849351,AVM,,Composition,A985774067035538,,,,UGC,monetize,Audio,Audio Match,Embedded,Mechanical,100,1,0,0,0,0,0,0,0,0,0,0
None,20220528,IN,ujEvx9ABQug,UCuCtv6_Kba3_H12GgtYRu3A,A573709688849351,AVM,,Composition,A985774067035538,,,,UGC,monetize,Audio,Audio Match,Embedded,Performance,100,1,0,0,0,0,0,0,0,0,0,0
None,20220510,IN,ujEvx9ABQug,UCuCtv6_Kba3_H12GgtYRu3A,A573709688849351,AVM,,Composition,A985774067035538,,,,UGC,monetize,Audio,Audio Match,Embedded,Performance,100,1,0,0,0,0,0,0,0,0,0,0
None,20220526,IN,ujEvx9ABQug,UCuCtv6_Kba3_H12GgtYRu3A,A573709688849351,AVM,,Composition,A985774067035538,,,,UGC,monetize,Audio,Audio Match,Embedded,Mechanical,100,1,0,0,0,0,0,0,0,0,0,0
None,20220526,IN,ujEvx9ABQug,UCuCtv6_Kba3_H12GgtYRu3A,A573709688849351,AVM,,Composition,A985774067035538,,,,UGC,monetize,Audio,Audio Match,Embedded,Performance,100,1,0,0,0,0,0,0,0,0,0,0
None,20220506,IN,ujEvx9ABQug,UCuCtv6_Kba3_H12GgtYRu3A,A573709688849351,AVM,,Composition,A985774067035538,,,,UGC,monetize,Audio,Audio Match,Embedded,Performance,100,1,0,0,0,0,0,0,0,0,0,0
None,20220519,IN,ujEvx9ABQug,UCuCtv6_Kba3_H12GgtYRu3A,A573709688849351,AVM,,Composition,A985774067035538,,,,UGC,monetize,Audio,Audio Match,Embedded,Mechanical,100,1,0,0,0,0,0,0,0,0,0,0
None,20220514,IN,ujEvx9ABQug,UCuCtv6_Kba3_H12GgtYRu3A,A573709688849351,AVM,,Composition,A985774067035538,,,,UGC,monetize,Audio,Audio Match,Embedded,Mechanical,100,1,0,0,0,0,0,0,0,0,0,0
None,20220528,IN,ujEvx9ABQug,UCuCtv6_Kba3_H12GgtYRu3A,A573709688849351,AVM,,Composition,A985774067035538,,,,UGC,monetize,Audio,Audio Match,Embedded,Mechanical,100,1,0,0,0,0,0,0,0,0,0,0
None,20220513,IN,vkI-vQjpEJE,UCuCtv6_Kba3_H12GgtYRu3A,A573709688849351,AVM,,Composition,A985774067035538,,,,UGC,monetize,Audio,Audio Match,Embedded,Performance,100,3,0,0,0,0,0,0,0,0,0,0
None,20220531,IN,vkI-vQjpEJE,UCuCtv6_Kba3_H12GgtYRu3A,A573709688849351,AVM,,Composition,A985774067035538,,,,UGC,monetize,Audio,Audio Match,Embedded,Mechanical,100,1,0,0,0,0,0,0,0,0,0,0
None,20220506,IN,vkI-vQjpEJE,UCuCtv6_Kba3_H12GgtYRu3A,A573709688849351,AVM,,Composition,A985774067035538,,,,UGC,monetize,Audio,Audio Match,Embedded,Mechanical,100,1,0,0,0,0,0,0,0,0,0,0
None,20220520,IN,vkI-vQjpEJE,UCuCtv6_Kba3_H12GgtYRu3A,A573709688849351,AVM,,Composition,A985774067035538,,,,UGC,monetize,Audio,Audio Match,Embedded,Performance,100,2,0,0,0,0,0,0,0,0,0,0
None,20220513,IN,X_WtP1FjdQk,UC50wEjalyxr_D4e36ziFkOw,A362681755539536,MMARIHA,,Composition,A727111808647600,,,,UGC,monetize,Audio,Unknown,Embedded,Mechanical,100,1,0,0,0,0,0,0,0,0,0,0
None,20220523,IN,X_mgBgGrb5s,UCa0JtGl1h7Z8P_b49U7ZdFA,A362681755539536,MMARIHA,,Composition,A727111808647600,,,,UGC,monetize,Audio,Audio Match,Embedded,Performance,100,12,0,0,0,0,0,0,0,0,0,0
None,20220526,IN,X_mgBgGrb5s,UCa0JtGl1h7Z8P_b49U7ZdFA,A362681755539536,MMARIHA,,Composition,A727111808647600,,,,UGC,monetize,Audio,Audio Match,Embedded,Performance,100,1,0,0,0,0,0,0,0,0,0,0
None,20220524,IN,X_mgBgGrb5s,UCa0JtGl1h7Z8P_b49U7ZdFA,A362681755539536,MMARIHA,,Composition,A727111808647600,,,,UGC,monetize,Audio,Audio Match,Embedded,Mechanical,100,3,0,0,0,0,0,0,0,0,0,0
None,20220528,IN,X_mgBgGrb5s,UCa0JtGl1h7Z8P_b49U7ZdFA,A362681755539536,MMARIHA,,Composition,A727111808647600,,,,UGC,monetize,Audio,Audio Match,Embedded,Mechanical,100,3,0,0,0,0,0,0,0,0,0,0
None,20220523,IN,X_mgBgGrb5s,UCa0JtGl1h7Z8P_b49U7ZdFA,A362681755539536,MMARIHA,,Composition,A727111808647600,,,,UGC,monetize,Audio,Audio Match,Embedded,Mechanical,100,12,0,0,0,0,0,0,0,0,0,0
None,20220525,IN,X_mgBgGrb5s,UCa0JtGl1h7Z8P_b49U7ZdFA,A362681755539536,MMARIHA,,Composition,A727111808647600,,,,UGC,monetize,Audio,Audio Match,Embedded,Performance,100,3,0,0,0,0,0,0,0,0,0,0
None,20220522,IN,X_mgBgGrb5s,UCa0JtGl1h7Z8P_b49U7ZdFA,A362681755539536,MMARIHA,,Composition,A727111808647600,,,,UGC,monetize,Audio,Audio Match,Embedded,Mechanical,100,4,0,0,0,0,0,0,0,0,0,0
None,20220531,IN,XdzGESjIIM0,UCWLf15msrnEObPH5F5Fl_lA,A362681755539536,MMARIHA,,Composition,A727111808647600,,,,UGC,monetize,Audio,Unknown,Embedded,Mechanical,100,1,0,0,0,0,0,0,0,0,0,0
None,20220528,IN,Xh1XMOj1rU0,UCZ6mZBuyWYFnWhZtv0eUNbA,A362681755539536,MMARIHA,,Composition,A727111808647600,,,,UGC,monetize,Audio,Unknown,Embedded,Performance,100,1,0,0,0,0,0,0,0,0,0,0
None,20220530,IN,XoHbvGMGljg,UCxsah26WGioAZNNjQhemPIQ,A362681755539536,MMARIHA,,Composition,A727111808647600,,,,UGC,monetize,Audio,Unknown,Embedded,Performance,100,8,0,0,0,0,0,0,0,0,0,0
None,20220517,IN,XoHbvGMGljg,UCxsah26WGioAZNNjQhemPIQ,A362681755539536,MMARIHA,,Composition,A727111808647600,,,,UGC,monetize,Audio,Unknown,Embedded,Performance,100,1,0,0,0,0,0,0,0,0,0,0
None,20220530,IN,XqyAK1lXaqs,UCiSwmbu9NPJtGuRwbBOVErQ,A362681755539536,MMARIHA,,Composition,A727111808647600,,,,UGC,monetize,Audio,Unknown,Embedded,Performance,100,1,0,0,0,0,0,0,0,0,0,0
None,20220520,IN,Y4O1gkKWQNg,UC5CRB03d4H1dMyYWF1DA5zw,A362681755539536,MMARIHA,,Composition,A727111808647600,,,,UGC,monetize,Audio,Audio Match,Embedded,Performance,100,686,0.137521,0,0,0,0.137521,0.001279,0,0,0,0.001279
None,20220529,BD,Y4O1gkKWQNg,UC5CRB03d4H1dMyYWF1DA5zw,A362681755539536,MMARIHA,,Composition,A727111808647600,,,,UGC,monetize,Audio,Audio Match,Embedded,Mechanical,100,2,0,0,0,0,0,0,0,0,0,0
None,20220529,AE,Y4O1gkKWQNg,UC5CRB03d4H1dMyYWF1DA5zw,A362681755539536,MMARIHA,,Composition,A727111808647600,,,,UGC,monetize,Audio,Audio Match,Embedded,Mechanical,100,2,0,0,0,0,0,0,0,0,0,0
None,20220531,NP,Y4O1gkKWQNg,UC5CRB03d4H1dMyYWF1DA5zw,A362681755539536,MMARIHA,,Composition,A727111808647600,,,,UGC,monetize,Audio,Audio Match,Embedded,Mechanical,100,1,0,0,0,0,0,0,0,0,0,0
None,20220515,PK,Y4O1gkKWQNg,UC5CRB03d4H1dMyYWF1DA5zw,A362681755539536,MMARIHA,,Composition,A727111808647600,,,,UGC,monetize,Audio,Audio Match,Embedded,Mechanical,100,1,0,0,0,0,0,0,0,0,0,0
None,20220522,BH,Y4O1gkKWQNg,UC5CRB03d4H1dMyYWF1DA5zw,A362681755539536,MMARIHA,,Composition,A727111808647600,,,,UGC,monetize,Audio,Audio Match,Embedded,Mechanical,100,1,0.001201,0,0,0,0.001201,1.10E-05,0,0,0,1.10E-05
None,20220515,LK,Y4O1gkKWQNg,UC5CRB03d4H1dMyYWF1DA5zw,A362681755539536,MMARIHA,,Composition,A727111808647600,,,,UGC,monetize,Audio,Audio Match,Embedded,Mechanical,100,2,0,0,0,0,0,0,0,0,0,0
None,20220518,PK,Y4O1gkKWQNg,UC5CRB03d4H1dMyYWF1DA5zw,A362681755539536,MMARIHA,,Composition,A727111808647600,,,,UGC,monetize,Audio,Audio Match,Embedded,Mechanical,100,4,0.000572,0,0,0,0.000572,6.00E-06,0,0,0,6.00E-06
None,20220524,IN,2RdPIitsmYA,UC6-7YHLoXRHKf21c-8r5m4w,A688466671226372,AVM,,Composition,A986651380236161,,,,UGC,monetize,Audio,Audio Match,Embedded,Mechanical,100,1,0,0,0,0,0,0,0,0,0,0
None,20220513,IN,VlXRL-Ci9Vs,UCt9OZh8Ddf9subNn7mObS1w,A688466671226372,AVM,,Composition,A986651380236161,,,,UGC,monetize,Audio,Audio Match,Cover,Mechanical,100,1,0,0,0,0,0,0,0,0,0,0
None,20220520,IN,kds0oeuHPls,UCAZlhhx8NRdDGZNfiQS-T-A,A688466671226372,AVM,,Composition,A986651380236161,,,,UGC,monetize,Audio,Audio Match,Embedded,Performance,100,2,0,0,0,0,0,0,0,0,0,0
None,20220521,IN,pjj_ZTNl6mo,UCqy2qpZbLbkQ6X-cSEb6-fg,A688466671226372,AVM,,Composition,A986651380236161,,,,Partner-provided,monetize,Audio-Visual,SFTP Upload,Embedded,Performance,100,27,0.008903,0,0,0,0.008903,0.000539,0,0,0,0.000539
None,20220506,IN,pjj_ZTNl6mo,UCqy2qpZbLbkQ6X-cSEb6-fg,A688466671226372,AVM,,Composition,A986651380236161,,,,Partner-provided,monetize,Audio-Visual,SFTP Upload,Embedded,Performance,100,11,0.000409,0,0,0,0.000409,2.50E-05,0,0,0,2.50E-05
None,20220522,IN,pjj_ZTNl6mo,UCqy2qpZbLbkQ6X-cSEb6-fg,A688466671226372,AVM,,Composition,A986651380236161,,,,Partner-provided,monetize,Audio-Visual,SFTP Upload,Embedded,Performance,100,27,0.003416,0,0,0,0.003416,0.000207,0,0,0,0.000207
None,20220505,IN,pjj_ZTNl6mo,UCqy2qpZbLbkQ6X-cSEb6-fg,A688466671226372,AVM,,Composition,A986651380236161,,,,Partner-provided,monetize,Audio-Visual,SFTP Upload,Embedded,Mechanical,100,10,0.005386,0,0,0,0.005386,0.000325,0,0,0,0.000325
None,20220509,IN,pjj_ZTNl6mo,UCqy2qpZbLbkQ6X-cSEb6-fg,A688466671226372,AVM,,Composition,A986651380236161,,,,Partner-provided,monetize,Audio-Visual,SFTP Upload,Embedded,Performance,100,17,0.014497,0,0,0,0.014497,0.000875,0,0,0,0.000875
None,20220517,IN,pjj_ZTNl6mo,UCqy2qpZbLbkQ6X-cSEb6-fg,A688466671226372,AVM,,Composition,A986651380236161,,,,Partner-provided,monetize,Audio-Visual,SFTP Upload,Embedded,Mechanical,100,24,0.005368,0,0,0,0.005368,0.000325,0,0,0,0.000325
None,20220514,IN,pjj_ZTNl6mo,UCqy2qpZbLbkQ6X-cSEb6-fg,A688466671226372,AVM,,Composition,A986651380236161,,,,Partner-provided,monetize,Audio-Visual,SFTP Upload,Embedded,Performance,100,15,0.000372,0,0,0,0.000372,2.30E-05,0,0,0,2.30E-05
None,20220508,IN,pjj_ZTNl6mo,UCqy2qpZbLbkQ6X-cSEb6-fg,A688466671226372,AVM,,Composition,A986651380236161,,,,Partner-provided,monetize,Audio-Visual,SFTP Upload,Embedded,Mechanical,100,14,0.001411,0,0,0,0.001411,8.50E-05,0,0,0,8.50E-05
None,20220522,IN,pjj_ZTNl6mo,UCqy2qpZbLbkQ6X-cSEb6-fg,A688466671226372,AVM,,Composition,A986651380236161,,,,Partner-provided,monetize,Audio-Visual,SFTP Upload,Embedded,Mechanical,100,27,0.003416,0,0,0,0.003416,0.000207,0,0,0,0.000207
None,20220519,IN,pjj_ZTNl6mo,UCqy2qpZbLbkQ6X-cSEb6-fg,A688466671226372,AVM,,Composition,A986651380236161,,,,Partner-provided,monetize,Audio-Visual,SFTP Upload,Embedded,Performance,100,24,0.005058,0,0,0,0.005058,0.000305,0,0,0,0.000305
None,20220515,IN,pjj_ZTNl6mo,UCqy2qpZbLbkQ6X-cSEb6-fg,A688466671226372,AVM,,Composition,A986651380236161,,,,Partner-provided,monetize,Audio-Visual,SFTP Upload,Embedded,Mechanical,100,16,0.006327,0,0,0,0.006327,0.000382,0,0,0,0.000382
None,20220502,IN,pjj_ZTNl6mo,UCqy2qpZbLbkQ6X-cSEb6-fg,A688466671226372,AVM,,Composition,A986651380236161,,,,Partner-provided,monetize,Audio-Visual,SFTP Upload,Embedded,Mechanical,100,13,0.007154,0,0,0,0.007154,0.000431,0,0,0,0.000431
None,20220524,IN,pjj_ZTNl6mo,UCqy2qpZbLbkQ6X-cSEb6-fg,A688466671226372,AVM,,Composition,A986651380236161,,,,Partner-provided,monetize,Audio-Visual,SFTP Upload,Embedded,Mechanical,100,17,0.005289,0,0,0,0.005289,0.00032,0,0,0,0.00032
None,20220513,IN,pjj_ZTNl6mo,UCqy2qpZbLbkQ6X-cSEb6-fg,A688466671226372,AVM,,Composition,A986651380236161,,,,Partner-provided,monetize,Audio-Visual,SFTP Upload,Embedded,Performance,100,9,0.002056,0,0,0,0.002056,0.000125,0,0,0,0.000125
None,20220525,IN,pjj_ZTNl6mo,UCqy2qpZbLbkQ6X-cSEb6-fg,A688466671226372,AVM,,Composition,A986651380236161,,,,Partner-provided,monetize,Audio-Visual,SFTP Upload,Embedded,Mechanical,100,22,0.006003,0,0,0,0.006003,0.000362,0,0,0,0.000362
None,20220525,IN,pjj_ZTNl6mo,UCqy2qpZbLbkQ6X-cSEb6-fg,A688466671226372,AVM,,Composition,A986651380236161,,,,Partner-provided,monetize,Audio-Visual,SFTP Upload,Embedded,Performance,100,22,0.006003,0,0,0,0.006003,0.000362,0,0,0,0.000362
None,20220523,IN,pjj_ZTNl6mo,UCqy2qpZbLbkQ6X-cSEb6-fg,A688466671226372,AVM,,Composition,A986651380236161,,,,Partner-provided,monetize,Audio-Visual,SFTP Upload,Embedded,Performance,100,31,0.004556,0,0,0,0.004556,0.000278,0,0,0,0.000278
None,20220528,IN,pjj_ZTNl6mo,UCqy2qpZbLbkQ6X-cSEb6-fg,A688466671226372,AVM,,Composition,A986651380236161,,,,Partner-provided,monetize,Audio-Visual,SFTP Upload,Embedded,Performance,100,28,0.012271,0,0,0,0.012271,0.000739,0,0,0,0.000739
None,20220516,IN,pjj_ZTNl6mo,UCqy2qpZbLbkQ6X-cSEb6-fg,A688466671226372,AVM,,Composition,A986651380236161,,,,Partner-provided,monetize,Audio-Visual,SFTP Upload,Embedded,Performance,100,12,0.000405,0,0,0,0.000405,2.50E-05,0,0,0,2.50E-05
None,20220517,ES,OIa4Nhla1HM,UCJ0DMUCkJqSlLg2_WsX8dfA,A810708922683443,CMG,,Composition,BY10282021CLCOMP050,,T9216169652,,UGC,monetize,Audio-Visual,Content ID API,Embedded,Mechanical,50,1,0,0,0,0,0,0,0,0,0,0
None,20220501,DZ,OIa4Nhla1HM,UCJ0DMUCkJqSlLg2_WsX8dfA,A810708922683443,CMG,,Composition,BY10282021CLCOMP050,,T9216169652,,UGC,monetize,Audio-Visual,Content ID API,Embedded,Performance,50,1,0,0,0,0,0,0,0,0,0,0
None,20220517,IQ,OIa4Nhla1HM,UCJ0DMUCkJqSlLg2_WsX8dfA,A810708922683443,CMG,,Composition,BY10282021CLCOMP050,,T9216169652,,UGC,monetize,Audio-Visual,Content ID API,Embedded,Mechanical,50,1,0,0,0,0,0,0,0,0,0,0
None,20220514,AZ,ORNLkl4oeTk,UCUaLPZT6AD-m5DZ9oUAIe9g,A810708922683443,CMG,,Composition,BY10282021CLCOMP050,,T9216169652,,UGC,track,Audio,Audio Match,Embedded,Mechanical,50,3,0,0,0,0,0,0,0,0,0,0
None,20220531,AZ,ORNLkl4oeTk,UCUaLPZT6AD-m5DZ9oUAIe9g,A810708922683443,CMG,,Composition,BY10282021CLCOMP050,,T9216169652,,UGC,track,Audio,Audio Match,Embedded,Performance,50,2,0,0,0,0,0,0,0,0,0,0
None,20220517,LB,OSVBYDMBhTI,UCTWxx6sN5y7JtLeny9zu2MA,A810708922683443,CMG,,Composition,BY10282021CLCOMP050,,T9216169652,,UGC,monetize,Audio,Audio Match,Embedded,Mechanical,50,1,0,0,0,0,0,0,0,0,0,0
None,20220512,AE,OSVBYDMBhTI,UCTWxx6sN5y7JtLeny9zu2MA,A810708922683443,CMG,,Composition,BY10282021CLCOMP050,,T9216169652,,UGC,monetize,Audio,Audio Match,Embedded,Mechanical,50,1,0,0,0,0,0,0,0,0,0,0
None,20220516,PK,OSVBYDMBhTI,UCTWxx6sN5y7JtLeny9zu2MA,A810708922683443,CMG,,Composition,BY10282021CLCOMP050,,T9216169652,,UGC,monetize,Audio,Audio Match,Embedded,Performance,50,1,0,0,0,0,0,0,0,0,0,0
None,20220508,QA,OSVBYDMBhTI,UCTWxx6sN5y7JtLeny9zu2MA,A810708922683443,CMG,,Composition,BY10282021CLCOMP050,,T9216169652,,UGC,monetize,Audio,Audio Match,Embedded,Mechanical,50,1,0,0,0,0,0,0,0,0,0,0
None,20220512,AE,OSVBYDMBhTI,UCTWxx6sN5y7JtLeny9zu2MA,A810708922683443,CMG,,Composition,BY10282021CLCOMP050,,T9216169652,,UGC,monetize,Audio,Audio Match,Embedded,Performance,50,1,0,0,0,0,0,0,0,0,0,0
None,20220510,LY,OU-Jvf57hPc,UCJh2cQdmY7k4wHDTvj0JhIA,A810708922683443,CMG,,Composition,BY10282021CLCOMP050,,T9216169652,,UGC,monetize,Audio,Audio Match,Embedded,Mechanical,50,1,0,0,0,0,0,0,0,0,0,0
None,20220509,FR,OU-Jvf57hPc,UCJh2cQdmY7k4wHDTvj0JhIA,A810708922683443,CMG,,Composition,BY10282021CLCOMP050,,T9216169652,,UGC,monetize,Audio,Audio Match,Embedded,Mechanical,50,1,0,0,0,0,0,0,0,0,0,0
None,20220508,FR,OU-Jvf57hPc,UCJh2cQdmY7k4wHDTvj0JhIA,A810708922683443,CMG,,Composition,BY10282021CLCOMP050,,T9216169652,,UGC,monetize,Audio,Audio Match,Embedded,Mechanical,50,1,0,0,0,0,0,0,0,0,0,0
None,20220530,IT,OU-Jvf57hPc,UCJh2cQdmY7k4wHDTvj0JhIA,A810708922683443,CMG,,Composition,BY10282021CLCOMP050,,T9216169652,,UGC,monetize,Audio,Audio Match,Embedded,Performance,50,1,0,0,0,0,0,0,0,0,0,0
None,20220528,GH,OU-Jvf57hPc,UCJh2cQdmY7k4wHDTvj0JhIA,A810708922683443,CMG,,Composition,BY10282021CLCOMP050,,T9216169652,,UGC,monetize,Audio,Audio Match,Embedded,Mechanical,50,1,0,0,0,0,0,0,0,0,0,0
None,20220516,GB,OZzX9QDmnm0,UCpSxZEJf1Tqc5O0yc0zKtbA,A810708922683443,CMG,,Composition,BY10282021CLCOMP050,,T9216169652,,UGC,monetize,Audio,Audio Match,Embedded,Performance,50,1,0,0,0,0,0,0,0,0,0,0
None,20220516,DE,O_AKeuj3FQk,UCwR5Wa8V9_m54tbpGyb4hLw,A810708922683443,CMG,,Composition,BY10282021CLCOMP050,,T9216169652,,UGC,monetize,Audio,Audio Match,Embedded,Mechanical,50,1,0,0,0,0,0,0,0,0,0,0
None,20220510,CZ,O_AKeuj3FQk,UCwR5Wa8V9_m54tbpGyb4hLw,A810708922683443,CMG,,Composition,BY10282021CLCOMP050,,T9216169652,,UGC,monetize,Audio,Audio Match,Embedded,Performance,50,1,0,0,0,0,0,0,0,0,0,0
None,20220516,DE,O_AKeuj3FQk,UCwR5Wa8V9_m54tbpGyb4hLw,A810708922683443,CMG,,Composition,BY10282021CLCOMP050,,T9216169652,,UGC,monetize,Audio,Audio Match,Embedded,Performance,50,1,0,0,0,0,0,0,0,0,0,0
None,20220509,CZ,O_AKeuj3FQk,UCwR5Wa8V9_m54tbpGyb4hLw,A810708922683443,CMG,,Composition,BY10282021CLCOMP050,,T9216169652,,UGC,monetize,Audio,Audio Match,Embedded,Mechanical,50,1,0,0,0,0,0,0,0,0,0,0
None,20220505,ZA,Oc3feslc7-o,UCjCqxMBvhXTqNhDegYwBZTw,A810708922683443,CMG,,Composition,BY10282021CLCOMP050,,T9216169652,,UGC,monetize,Audio,Audio Match,Embedded,Performance,50,1,0,0,0,0,0,0,0,0,0,0
None,20220526,ZA,Oc3feslc7-o,UCjCqxMBvhXTqNhDegYwBZTw,A810708922683443,CMG,,Composition,BY10282021CLCOMP050,,T9216169652,,UGC,monetize,Audio,Audio Match,Embedded,Mechanical,50,2,0,0,0,0,0,0,0,0,0,0
None,20220502,DE,Oc3feslc7-o,UCjCqxMBvhXTqNhDegYwBZTw,A810708922683443,CMG,,Composition,BY10282021CLCOMP050,,T9216169652,,UGC,monetize,Audio,Audio Match,Embedded,Performance,50,1,0,0,0,0,0,0,0,0,0,0
None,20220505,SA,Oc3feslc7-o,UCjCqxMBvhXTqNhDegYwBZTw,A810708922683443,CMG,,Composition,BY10282021CLCOMP050,,T9216169652,,UGC,monetize,Audio,Audio Match,Embedded,Mechanical,50,2,0,0,0,0,0,0,0,0,0,0
None,20220509,AE,Oc3feslc7-o,UCjCqxMBvhXTqNhDegYwBZTw,A810708922683443,CMG,,Composition,BY10282021CLCOMP050,,T9216169652,,UGC,monetize,Audio,Audio Match,Embedded,Performance,50,2,0,0,0,0,0,0,0,0,0,0
None,20220507,PK,Oc3feslc7-o,UCjCqxMBvhXTqNhDegYwBZTw,A810708922683443,CMG,,Composition,BY10282021CLCOMP050,,T9216169652,,UGC,monetize,Audio,Audio Match,Embedded,Mechanical,50,1,0,0,0,0,0,0,0,0,0,0
None,20220515,IN,Oc3feslc7-o,UCjCqxMBvhXTqNhDegYwBZTw,A810708922683443,CMG,,Composition,BY10282021CLCOMP050,,T9216169652,,UGC,monetize,Audio,Audio Match,Embedded,Mechanical,50,1,0,0,0,0,0,0,0,0,0,0
None,20220516,DZ,Oc3feslc7-o,UCjCqxMBvhXTqNhDegYwBZTw,A810708922683443,CMG,,Composition,BY10282021CLCOMP050,,T9216169652,,UGC,monetize,Audio,Audio Match,Embedded,Mechanical,50,1,0,0,0,0,0,0,0,0,0,0
None,20220521,AE,Oc3feslc7-o,UCjCqxMBvhXTqNhDegYwBZTw,A810708922683443,CMG,,Composition,BY10282021CLCOMP050,,T9216169652,,UGC,monetize,Audio,Audio Match,Embedded,Performance,50,1,0,0,0,0,0,0,0,0,0,0
None,20220519,SA,Oc3feslc7-o,UCjCqxMBvhXTqNhDegYwBZTw,A810708922683443,CMG,,Composition,BY10282021CLCOMP050,,T9216169652,,UGC,monetize,Audio,Audio Match,Embedded,Performance,50,1,0,0,0,0,0,0,0,0,0,0
None,20220505,NO,Oc3feslc7-o,UCjCqxMBvhXTqNhDegYwBZTw,A810708922683443,CMG,,Composition,BY10282021CLCOMP050,,T9216169652,,UGC,monetize,Audio,Audio Match,Embedded,Performance,37.5,1,0,0,0,0,0,0,0,0,0,0
None,20220525,AE,Oc3feslc7-o,UCjCqxMBvhXTqNhDegYwBZTw,A810708922683443,CMG,,Composition,BY10282021CLCOMP050,,T9216169652,,UGC,monetize,Audio,Audio Match,Embedded,Mechanical,50,1,0,0,0,0,0,0,0,0,0,0
None,20220505,ZA,Oc3feslc7-o,UCjCqxMBvhXTqNhDegYwBZTw,A810708922683443,CMG,,Composition,BY10282021CLCOMP050,,T9216169652,,UGC,monetize,Audio,Audio Match,Embedded,Mechanical,50,1,0,0,0,0,0,0,0,0,0,0
None,20220502,SA,Oc3feslc7-o,UCjCqxMBvhXTqNhDegYwBZTw,A810708922683443,CMG,,Composition,BY10282021CLCOMP050,,T9216169652,,UGC,monetize,Audio,Audio Match,Embedded,Mechanical,50,1,0,0,0,0,0,0,0,0,0,0
None,20220526,ZA,Oc3feslc7-o,UCjCqxMBvhXTqNhDegYwBZTw,A810708922683443,CMG,,Composition,BY10282021CLCOMP050,,T9216169652,,UGC,monetize,Audio,Audio Match,Embedded,Performance,50,2,0,0,0,0,0,0,0,0,0,0
None,20220505,GB,Oc3feslc7-o,UCjCqxMBvhXTqNhDegYwBZTw,A810708922683443,CMG,,Composition,BY10282021CLCOMP050,,T9216169652,,UGC,monetize,Audio,Audio Match,Embedded,Mechanical,50,2,0,0,0,0,0,0,0,0,0,0
None,20220523,ZA,Oc3feslc7-o,UCjCqxMBvhXTqNhDegYwBZTw,A810708922683443,CMG,,Composition,BY10282021CLCOMP050,,T9216169652,,UGC,monetize,Audio,Audio Match,Embedded,Mechanical,50,2,0,0,0,0,0,0,0,0,0,0
None,20220502,KW,Oc3feslc7-o,UCjCqxMBvhXTqNhDegYwBZTw,A810708922683443,CMG,,Composition,BY10282021CLCOMP050,,T9216169652,,UGC,monetize,Audio,Audio Match,Embedded,Performance,50,1,0,0,0,0,0,0,0,0,0,0
None,20220524,NG,Oc3feslc7-o,UCjCqxMBvhXTqNhDegYwBZTw,A810708922683443,CMG,,Composition,BY10282021CLCOMP050,,T9216169652,,UGC,monetize,Audio,Audio Match,Embedded,Mechanical,50,1,0,0,0,0,0,0,0,0,0,0
None,20220516,SA,Oc3feslc7-o,UCjCqxMBvhXTqNhDegYwBZTw,A810708922683443,CMG,,Composition,BY10282021CLCOMP050,,T9216169652,,UGC,monetize,Audio,Audio Match,Embedded,Mechanical,50,2,0,0,0,0,0,0,0,0,0,0
None,20220528,IN,Oc3feslc7-o,UCjCqxMBvhXTqNhDegYwBZTw,A810708922683443,CMG,,Composition,BY10282021CLCOMP050,,T9216169652,,UGC,monetize,Audio,Audio Match,Embedded,Mechanical,50,1,0,0,0,0,0,0,0,0,0,0
None,20220510,NG,Oc3feslc7-o,UCjCqxMBvhXTqNhDegYwBZTw,A810708922683443,CMG,,Composition,BY10282021CLCOMP050,,T9216169652,,UGC,monetize,Audio,Audio Match,Embedded,Mechanical,50,1,0,0,0,0,0,0,0,0,0,0
None,20220519,TR,Oc3feslc7-o,UCjCqxMBvhXTqNhDegYwBZTw,A810708922683443,CMG,,Composition,BY10282021CLCOMP050,,T9216169652,,UGC,monetize,Audio,Audio Match,Embedded,Mechanical,50,1,0,0,0,0,0,0,0,0,0,0
None,20220513,GB,Oc3feslc7-o,UCjCqxMBvhXTqNhDegYwBZTw,A810708922683443,CMG,,Composition,BY10282021CLCOMP050,,T9216169652,,UGC,monetize,Audio,Audio Match,Embedded,Mechanical,50,1,0,0,0,0,0,0,0,0,0,0
None,20220504,MQ,Oc3feslc7-o,UCjCqxMBvhXTqNhDegYwBZTw,A810708922683443,CMG,,Composition,BY10282021CLCOMP050,,T9216169652,,UGC,monetize,Audio,Audio Match,Embedded,Mechanical,50,1,0,0,0,0,0,0,0,0,0,0
None,20220510,DZ,Oc3feslc7-o,UCjCqxMBvhXTqNhDegYwBZTw,A810708922683443,CMG,,Composition,BY10282021CLCOMP050,,T9216169652,,UGC,monetize,Audio,Audio Match,Embedded,Mechanical,50,1,0,0,0,0,0,0,0,0,0,0
None,20220518,DE,Oc3feslc7-o,UCjCqxMBvhXTqNhDegYwBZTw,A810708922683443,CMG,,Composition,BY10282021CLCOMP050,,T9216169652,,UGC,monetize,Audio,Audio Match,Embedded,Performance,50,1,0,0,0,0,0,0,0,0,0,0
None,20220527,DE,Oc3feslc7-o,UCjCqxMBvhXTqNhDegYwBZTw,A810708922683443,CMG,,Composition,BY10282021CLCOMP050,,T9216169652,,UGC,monetize,Audio,Audio Match,Embedded,Mechanical,50,1,0,0,0,0,0,0,0,0,0,0
None,20220502,SA,Oc3feslc7-o,UCjCqxMBvhXTqNhDegYwBZTw,A810708922683443,CMG,,Composition,BY10282021CLCOMP050,,T9216169652,,UGC,monetize,Audio,Audio Match,Embedded,Performance,50,1,0,0,0,0,0,0,0,0,0,0
None,20220504,GB,Oc3feslc7-o,UCjCqxMBvhXTqNhDegYwBZTw,A810708922683443,CMG,,Composition,BY10282021CLCOMP050,,T9216169652,,UGC,monetize,Audio,Audio Match,Embedded,Mechanical,50,1,0,0,0,0,0,0,0,0,0,0
None,20220517,SA,Oc3feslc7-o,UCjCqxMBvhXTqNhDegYwBZTw,A810708922683443,CMG,,Composition,BY10282021CLCOMP050,,T9216169652,,UGC,monetize,Audio,Audio Match,Embedded,Mechanical,50,1,0,0,0,0,0,0,0,0,0,0
None,20220504,DE,Oc3feslc7-o,UCjCqxMBvhXTqNhDegYwBZTw,A810708922683443,CMG,,Composition,BY10282021CLCOMP050,,T9216169652,,UGC,monetize,Audio,Audio Match,Embedded,Performance,50,1,0,0,0,0,0,0,0,0,0,0
None,20220502,IT,Oc3feslc7-o,UCjCqxMBvhXTqNhDegYwBZTw,A810708922683443,CMG,,Composition,BY10282021CLCOMP050,,T9216169652,,UGC,monetize,Audio,Audio Match,Embedded,Mechanical,50,1,0,0,0,0,0,0,0,0,0,0
None,20220505,SA,Oc3feslc7-o,UCjCqxMBvhXTqNhDegYwBZTw,A810708922683443,CMG,,Composition,BY10282021CLCOMP050,,T9216169652,,UGC,monetize,Audio,Audio Match,Embedded,Performance,50,2,0,0,0,0,0,0,0,0,0,0
None,20220510,KW,Oc3feslc7-o,UCjCqxMBvhXTqNhDegYwBZTw,A810708922683443,CMG,,Composition,BY10282021CLCOMP050,,T9216169652,,UGC,monetize,Audio,Audio Match,Embedded,Performance,50,1,0,0,0,0,0,0,0,0,0,0
None,20220527,SA,Oc3feslc7-o,UCjCqxMBvhXTqNhDegYwBZTw,A810708922683443,CMG,,Composition,BY10282021CLCOMP050,,T9216169652,,UGC,monetize,Audio,Audio Match,Embedded,Mechanical,50,1,0,0,0,0,0,0,0,0,0,0
None,20220506,ZA,Oc3feslc7-o,UCjCqxMBvhXTqNhDegYwBZTw,A810708922683443,CMG,,Composition,BY10282021CLCOMP050,,T9216169652,,UGC,monetize,Audio,Audio Match,Embedded,Performance,50,2,0,0,0,0,0,0,0,0,0,0
None,20220511,IN,Oc3feslc7-o,UCjCqxMBvhXTqNhDegYwBZTw,A810708922683443,CMG,,Composition,BY10282021CLCOMP050,,T9216169652,,UGC,monetize,Audio,Audio Match,Embedded,Mechanical,50,1,0,0,0,0,0,0,0,0,0,0
None,20220516,MA,Oc3feslc7-o,UCjCqxMBvhXTqNhDegYwBZTw,A810708922683443,CMG,,Composition,BY10282021CLCOMP050,,T9216169652,,UGC,monetize,Audio,Audio Match,Embedded,Mechanical,50,1,0,0,0,0,0,0,0,0,0,0
None,20220512,ZA,OdYdOqCBenA,UCsRgkVhvNauSgwiGagws_gw,A810708922683443,CMG,,Composition,BY10282021CLCOMP050,,T9216169652,,UGC,monetize,Audio,Descriptive Search,Embedded,Performance,50,1,0.000651,0,0,0,0.000651,6.00E-06,0,0,0,6.00E-06
None,20220517,FR,OdYdOqCBenA,UCsRgkVhvNauSgwiGagws_gw,A810708922683443,CMG,,Composition,BY10282021CLCOMP050,,T9216169652,,UGC,monetize,Audio,Descriptive Search,Embedded,Mechanical,50,1,0,0,0,0,0,0,0,0,0,0
None,20220527,QA,OdYdOqCBenA,UCsRgkVhvNauSgwiGagws_gw,A810708922683443,CMG,,Composition,BY10282021CLCOMP050,,T9216169652,,UGC,monetize,Audio,Descriptive Search,Embedded,Mechanical,50,1,0.000579,0,0,0,0.000579,6.00E-06,0,0,0,6.00E-06
None,20220524,BD,OdYdOqCBenA,UCsRgkVhvNauSgwiGagws_gw,A810708922683443,CMG,,Composition,BY10282021CLCOMP050,,T9216169652,,UGC,track,Audio,Descriptive Search,Embedded,Performance,50,1,0,0,0,0,0,0,0,0,0,0
None,20220506,ZA,OdYdOqCBenA,UCsRgkVhvNauSgwiGagws_gw,A810708922683443,CMG,,Composition,BY10282021CLCOMP050,,T9216169652,,UGC,monetize,Audio,Descriptive Search,Embedded,Mechanical,50,1,0.000374,0,0,0,0.000374,4.00E-06,0,0,0,4.00E-06
None,20220521,IS,OdYdOqCBenA,UCsRgkVhvNauSgwiGagws_gw,A810708922683443,CMG,,Composition,BY10282021CLCOMP050,,T9216169652,,UGC,monetize,Audio,Descriptive Search,Embedded,Performance,37.5,1,0.000203,0,0,0,0.000203,3.00E-06,0,0,0,3.00E-06
None,20220516,GB,OdYdOqCBenA,UCsRgkVhvNauSgwiGagws_gw,A810708922683443,CMG,,Composition,BY10282021CLCOMP050,,T9216169652,,UGC,monetize,Audio,Descriptive Search,Embedded,Mechanical,50,1,0.01035,0,0,0,0.01035,0.000112,0,0,0,0.000112
None,20220526,NG,OdYdOqCBenA,UCsRgkVhvNauSgwiGagws_gw,A810708922683443,CMG,,Composition,BY10282021CLCOMP050,,T9216169652,,UGC,monetize,Audio,Descriptive Search,Embedded,Performance,50,2,0,0,0,0,0,0,0,0,0,0
None,20220522,ZA,OdYdOqCBenA,UCsRgkVhvNauSgwiGagws_gw,A810708922683443,CMG,,Composition,BY10282021CLCOMP050,,T9216169652,,UGC,monetize,Audio,Descriptive Search,Embedded,Performance,50,3,0.000563,0,0,0,0.000563,6.00E-06,0,0,0,6.00E-06
None,20220520,GB,OdYdOqCBenA,UCsRgkVhvNauSgwiGagws_gw,A810708922683443,CMG,,Composition,BY10282021CLCOMP050,,T9216169652,,UGC,monetize,Audio,Descriptive Search,Embedded,Mechanical,50,1,0.001015,0,0,0,0.001015,1.10E-05,0,0,0,1.10E-05
None,20220526,TZ,OdYdOqCBenA,UCsRgkVhvNauSgwiGagws_gw,A810708922683443,CMG,,Composition,BY10282021CLCOMP050,,T9216169652,,UGC,monetize,Audio,Descriptive Search,Embedded,Performance,50,1,0,0,0,0,0,0,0,0,0,0
None,20220528,ZA,OdYdOqCBenA,UCsRgkVhvNauSgwiGagws_gw,A810708922683443,CMG,,Composition,BY10282021CLCOMP050,,T9216169652,,UGC,monetize,Audio,Descriptive Search,Embedded,Mechanical,50,1,0.001371,0,0,0,0.001371,1.20E-05,0,0,0,1.20E-05
None,20220524,ZA,OdYdOqCBenA,UCsRgkVhvNauSgwiGagws_gw,A810708922683443,CMG,,Composition,BY10282021CLCOMP050,,T9216169652,,UGC,monetize,Audio,Descriptive Search,Embedded,Mechanical,50,1,0.000747,0,0,0,0.000747,7.00E-06,0,0,0,7.00E-06
None,20220524,ZA,OdYdOqCBenA,UCsRgkVhvNauSgwiGagws_gw,A810708922683443,CMG,,Composition,BY10282021CLCOMP050,,T9216169652,,UGC,monetize,Audio,Descriptive Search,Embedded,Performance,50,1,0.000747,0,0,0,0.000747,7.00E-06,0,0,0,7.00E-06
None,20220526,TZ,OdYdOqCBenA,UCsRgkVhvNauSgwiGagws_gw,A810708922683443,CMG,,Composition,BY10282021CLCOMP050,,T9216169652,,UGC,monetize,Audio,Descriptive Search,Embedded,Mechanical,50,1,0,0,0,0,0,0,0,0,0,0
None,20220513,GB,OdYdOqCBenA,UCsRgkVhvNauSgwiGagws_gw,A810708922683443,CMG,,Composition,BY10282021CLCOMP050,,T9216169652,,UGC,monetize,Audio,Descriptive Search,Embedded,Mechanical,50,1,0,0,0,0,0,0,0,0,0,0
None,20220514,ZA,OdYdOqCBenA,UCsRgkVhvNauSgwiGagws_gw,A810708922683443,CMG,,Composition,BY10282021CLCOMP050,,T9216169652,,UGC,monetize,Audio,Descriptive Search,Embedded,Performance,50,2,0,0,0,0,0,0,0,0,0,0
None,20220521,DK,OdYdOqCBenA,UCsRgkVhvNauSgwiGagws_gw,A810708922683443,CMG,,Composition,BY10282021CLCOMP050,,T9216169652,,UGC,monetize,Audio,Descriptive Search,Embedded,Performance,37.5,1,0,0,0,0,0,0,0,0,0,0
None,20220506,GB,OdYdOqCBenA,UCsRgkVhvNauSgwiGagws_gw,A810708922683443,CMG,,Composition,BY10282021CLCOMP050,,T9216169652,,UGC,monetize,Audio,Descriptive Search,Embedded,Mechanical,50,1,0,0,0,0,0,0,0,0,0,0
None,20220522,GB,OdYdOqCBenA,UCsRgkVhvNauSgwiGagws_gw,A810708922683443,CMG,,Composition,BY10282021CLCOMP050,,T9216169652,,UGC,monetize,Audio,Descriptive Search,Embedded,Mechanical,50,1,0,0,0,0,0,0,0,0,0,0
None,20220516,GB,OdYdOqCBenA,UCsRgkVhvNauSgwiGagws_gw,A810708922683443,CMG,,Composition,BY10282021CLCOMP050,,T9216169652,,UGC,monetize,Audio,Descriptive Search,Embedded,Performance,50,1,0.01035,0,0,0,0.01035,7.10E-05,0,0,0,7.10E-05
None,20220501,GB,OdYdOqCBenA,UCsRgkVhvNauSgwiGagws_gw,A810708922683443,CMG,,Composition,BY10282021CLCOMP050,,T9216169652,,UGC,monetize,Audio,Descriptive Search,Embedded,Mechanical,50,1,0,0,0,0,0,0,0,0,0,0
None,20220512,DE,OdYdOqCBenA,UCsRgkVhvNauSgwiGagws_gw,A810708922683443,CMG,,Composition,BY10282021CLCOMP050,,T9216169652,,UGC,monetize,Audio,Descriptive Search,Embedded,Performance,50,1,0.00124,0,0,0,0.00124,1.50E-05,0,0,0,1.50E-05
None,20220525,GB,OdYdOqCBenA,UCsRgkVhvNauSgwiGagws_gw,A810708922683443,CMG,,Composition,BY10282021CLCOMP050,,T9216169652,,UGC,monetize,Audio,Descriptive Search,Embedded,Mechanical,50,1,0,0,0,0,0,0,0,0,0,0
None,20220526,NG,OdYdOqCBenA,UCsRgkVhvNauSgwiGagws_gw,A810708922683443,CMG,,Composition,BY10282021CLCOMP050,,T9216169652,,UGC,monetize,Audio,Descriptive Search,Embedded,Mechanical,50,2,0,0,0,0,0,0,0,0,0,0
None,20220522,ZA,OdYdOqCBenA,UCsRgkVhvNauSgwiGagws_gw,A810708922683443,CMG,,Composition,BY10282021CLCOMP050,,T9216169652,,UGC,monetize,Audio,Descriptive Search,Embedded,Mechanical,50,3,0.000563,0,0,0,0.000563,6.00E-06,0,0,0,6.00E-06
None,20220516,GH,OdYdOqCBenA,UCsRgkVhvNauSgwiGagws_gw,A810708922683443,CMG,,Composition,BY10282021CLCOMP050,,T9216169652,,UGC,monetize,Audio,Descriptive Search,Embedded,Performance,50,1,0,0,0,0,0,0,0,0,0,0
None,20220520,FR,OkNkLni7o9A,UCHr__9lxsrtdpQ_iFAh3-Ew,A810708922683443,CMG,,Composition,BY10282021CLCOMP050,,T9216169652,,UGC,monetize,Audio,Audio Match,Embedded,Mechanical,50,1,0,0,0,0,0,0,0,0,0,0
None,20220515,DE,Olw2qeeJ96g,UCFVvNF52KEjqLtIvwmiQ4Fw,A810708922683443,CMG,,Composition,BY10282021CLCOMP050,,T9216169652,,UGC,monetize,Audio,Audio Match,Embedded,Mechanical,50,1,4.90E-05,0,0,0,4.90E-05,1.00E-06,0,0,0,1.00E-06
None,20220508,MA,Olw2qeeJ96g,UCFVvNF52KEjqLtIvwmiQ4Fw,A810708922683443,CMG,,Composition,BY10282021CLCOMP050,,T9216169652,,UGC,monetize,Audio,Audio Match,Embedded,Mechanical,50,1,0,0,0,0,0,0,0,0,0,0
None,20220516,ZA,Olw2qeeJ96g,UCFVvNF52KEjqLtIvwmiQ4Fw,A810708922683443,CMG,,Composition,BY10282021CLCOMP050,,T9216169652,,UGC,monetize,Audio,Audio Match,Embedded,Performance,50,1,0,0,0,0,0,0,0,0,0,0
None,20220527,KW,Olw2qeeJ96g,UCFVvNF52KEjqLtIvwmiQ4Fw,A810708922683443,CMG,,Composition,BY10282021CLCOMP050,,T9216169652,,UGC,monetize,Audio,Audio Match,Embedded,Performance,50,1,3.10E-05,0,0,0,3.10E-05,1.00E-06,0,0,0,1.00E-06
None,20220516,ZA,Olw2qeeJ96g,UCFVvNF52KEjqLtIvwmiQ4Fw,A810708922683443,CMG,,Composition,BY10282021CLCOMP050,,T9216169652,,UGC,monetize,Audio,Audio Match,Embedded,Mechanical,50,1,0,0,0,0,0,0,0,0,0,0
None,20220513,TW,OpdR8lSvPrQ,UCSqSRkbKVdB92aNWa8Q6Uuw,A810708922683443,CMG,,Composition,BY10282021CLCOMP050,,T9216169652,,UGC,monetize,Audio,Audio Match,Embedded,Mechanical,50,1,0,0,0,0,0,0,0,0,0,0
None,20220506,RO,OrHmbeA3sno,UCtwDEAMxH8GVFr6m7DH8PoQ,A810708922683443,CMG,,Composition,BY10282021CLCOMP050,,T9216169652,,UGC,monetize,Audio,Audio Match,Embedded,Performance,50,5,0,0,0,0,0,0,0,0,0,0
None,20220505,DE,OrHmbeA3sno,UCtwDEAMxH8GVFr6m7DH8PoQ,A810708922683443,CMG,,Composition,BY10282021CLCOMP050,,T9216169652,,UGC,monetize,Audio,Audio Match,Embedded,Mechanical,50,1,0,0,0,0,0,0,0,0,0,0
None,20220528,RO,OrHmbeA3sno,UCtwDEAMxH8GVFr6m7DH8PoQ,A810708922683443,CMG,,Composition,BY10282021CLCOMP050,,T9216169652,,UGC,monetize,Audio,Audio Match,Embedded,Mechanical,50,5,0,0,0,0,0,0,0,0,0,0
None,20220514,RO,OrHmbeA3sno,UCtwDEAMxH8GVFr6m7DH8PoQ,A810708922683443,CMG,,Composition,BY10282021CLCOMP050,,T9216169652,,UGC,monetize,Audio,Audio Match,Embedded,Mechanical,50,4,0,0,0,0,0,0,0,0,0,0
None,20220519,DE,OrHmbeA3sno,UCtwDEAMxH8GVFr6m7DH8PoQ,A810708922683443,CMG,,Composition,BY10282021CLCOMP050,,T9216169652,,UGC,monetize,Audio,Audio Match,Embedded,Performance,50,1,0,0,0,0,0,0,0,0,0,0
None,20220525,GB,OrHmbeA3sno,UCtwDEAMxH8GVFr6m7DH8PoQ,A810708922683443,CMG,,Composition,BY10282021CLCOMP050,,T9216169652,,UGC,monetize,Audio,Audio Match,Embedded,Performance,50,1,0,0,0,0,0,0,0,0,0,0
None,20220520,GB,OrHmbeA3sno,UCtwDEAMxH8GVFr6m7DH8PoQ,A810708922683443,CMG,,Composition,BY10282021CLCOMP050,,T9216169652,,UGC,monetize,Audio,Audio Match,Embedded,Performance,50,1,0,0,0,0,0,0,0,0,0,0
None,20220515,RO,OrHmbeA3sno,UCtwDEAMxH8GVFr6m7DH8PoQ,A810708922683443,CMG,,Composition,BY10282021CLCOMP050,,T9216169652,,UGC,monetize,Audio,Audio Match,Embedded,Mechanical,50,3,0,0,0,0,0,0,0,0,0,0
None,20220520,RO,OrHmbeA3sno,UCtwDEAMxH8GVFr6m7DH8PoQ,A810708922683443,CMG,,Composition,BY10282021CLCOMP050,,T9216169652,,UGC,monetize,Audio,Audio Match,Embedded,Mechanical,50,6,0,0,0,0,0,0,0,0,0,0
None,20220501,GB,OrHmbeA3sno,UCtwDEAMxH8GVFr6m7DH8PoQ,A810708922683443,CMG,,Composition,BY10282021CLCOMP050,,T9216169652,,UGC,monetize,Audio,Audio Match,Embedded,Mechanical,50,1,0,0,0,0,0,0,0,0,0,0
None,20220502,IT,OrHmbeA3sno,UCtwDEAMxH8GVFr6m7DH8PoQ,A810708922683443,CMG,,Composition,BY10282021CLCOMP050,,T9216169652,,UGC,monetize,Audio,Audio Match,Embedded,Mechanical,50,1,0,0,0,0,0,0,0,0,0,0
None,20220507,RO,OrHmbeA3sno,UCtwDEAMxH8GVFr6m7DH8PoQ,A810708922683443,CMG,,Composition,BY10282021CLCOMP050,,T9216169652,,UGC,monetize,Audio,Audio Match,Embedded,Performance,50,7,0,0,0,0,0,0,0,0,0,0
None,20220514,RO,OrHmbeA3sno,UCtwDEAMxH8GVFr6m7DH8PoQ,A810708922683443,CMG,,Composition,BY10282021CLCOMP050,,T9216169652,,UGC,monetize,Audio,Audio Match,Embedded,Performance,50,4,0,0,0,0,0,0,0,0,0,0
None,20220516,RO,OrHmbeA3sno,UCtwDEAMxH8GVFr6m7DH8PoQ,A810708922683443,CMG,,Composition,BY10282021CLCOMP050,,T9216169652,,UGC,monetize,Audio,Audio Match,Embedded,Performance,50,5,0,0,0,0,0,0,0,0,0,0
None,20220505,NL,OrHmbeA3sno,UCtwDEAMxH8GVFr6m7DH8PoQ,A810708922683443,CMG,,Composition,BY10282021CLCOMP050,,T9216169652,,UGC,monetize,Audio,Audio Match,Embedded,Performance,37.5,1,0,0,0,0,0,0,0,0,0,0
None,20220520,GB,OrHmbeA3sno,UCtwDEAMxH8GVFr6m7DH8PoQ,A810708922683443,CMG,,Composition,BY10282021CLCOMP050,,T9216169652,,UGC,monetize,Audio,Audio Match,Embedded,Mechanical,50,1,0,0,0,0,0,0,0,0,0,0
None,20220509,RO,OrHmbeA3sno,UCtwDEAMxH8GVFr6m7DH8PoQ,A810708922683443,CMG,,Composition,BY10282021CLCOMP050,,T9216169652,,UGC,monetize,Audio,Audio Match,Embedded,Mechanical,50,5,0,0,0,0,0,0,0,0,0,0
None,20220515,FR,OrHmbeA3sno,UCtwDEAMxH8GVFr6m7DH8PoQ,A810708922683443,CMG,,Composition,BY10282021CLCOMP050,,T9216169652,,UGC,monetize,Audio,Audio Match,Embedded,Mechanical,50,1,0,0,0,0,0,0,0,0,0,0
None,20220512,RO,OrHmbeA3sno,UCtwDEAMxH8GVFr6m7DH8PoQ,A810708922683443,CMG,,Composition,BY10282021CLCOMP050,,T9216169652,,UGC,monetize,Audio,Audio Match,Embedded,Mechanical,50,1,0,0,0,0,0,0,0,0,0,0
None,20220514,DE,OrHmbeA3sno,UCtwDEAMxH8GVFr6m7DH8PoQ,A810708922683443,CMG,,Composition,BY10282021CLCOMP050,,T9216169652,,UGC,monetize,Audio,Audio Match,Embedded,Mechanical,50,1,0,0,0,0,0,0,0,0,0,0
None,20220508,RO,OrHmbeA3sno,UCtwDEAMxH8GVFr6m7DH8PoQ,A810708922683443,CMG,,Composition,BY10282021CLCOMP050,,T9216169652,,UGC,monetize,Audio,Audio Match,Embedded,Mechanical,50,6,0,0,0,0,0,0,0,0,0,0
None,20220524,IT,OrHmbeA3sno,UCtwDEAMxH8GVFr6m7DH8PoQ,A810708922683443,CMG,,Composition,BY10282021CLCOMP050,,T9216169652,,UGC,monetize,Audio,Audio Match,Embedded,Mechanical,50,1,0,0,0,0,0,0,0,0,0,0
None,20220522,RO,OrHmbeA3sno,UCtwDEAMxH8GVFr6m7DH8PoQ,A810708922683443,CMG,,Composition,BY10282021CLCOMP050,,T9216169652,,UGC,monetize,Audio,Audio Match,Embedded,Performance,50,2,0,0,0,0,0,0,0,0,0,0
None,20220528,RO,OrHmbeA3sno,UCtwDEAMxH8GVFr6m7DH8PoQ,A810708922683443,CMG,,Composition,BY10282021CLCOMP050,,T9216169652,,UGC,monetize,Audio,Audio Match,Embedded,Performance,50,5,0,0,0,0,0,0,0,0,0,0
None,20220522,RO,OrHmbeA3sno,UCtwDEAMxH8GVFr6m7DH8PoQ,A810708922683443,CMG,,Composition,BY10282021CLCOMP050,,T9216169652,,UGC,monetize,Audio,Audio Match,Embedded,Mechanical,50,2,0,0,0,0,0,0,0,0,0,0
None,20220528,UG,OrHmbeA3sno,UCtwDEAMxH8GVFr6m7DH8PoQ,A810708922683443,CMG,,Composition,BY10282021CLCOMP050,,T9216169652,,UGC,monetize,Audio,Audio Match,Embedded,Mechanical,50,1,0,0,0,0,0,0,0,0,0,0
None,20220504,DE,OrHmbeA3sno,UCtwDEAMxH8GVFr6m7DH8PoQ,A810708922683443,CMG,,Composition,BY10282021CLCOMP050,,T9216169652,,UGC,monetize,Audio,Audio Match,Embedded,Mechanical,50,1,0,0,0,0,0,0,0,0,0,0
None,20220524,RO,OrHmbeA3sno,UCtwDEAMxH8GVFr6m7DH8PoQ,A810708922683443,CMG,,Composition,BY10282021CLCOMP050,,T9216169652,,UGC,monetize,Audio,Audio Match,Embedded,Mechanical,50,2,0,0,0,0,0,0,0,0,0,0
None,20220528,UG,OrHmbeA3sno,UCtwDEAMxH8GVFr6m7DH8PoQ,A810708922683443,CMG,,Composition,BY10282021CLCOMP050,,T9216169652,,UGC,monetize,Audio,Audio Match,Embedded,Performance,50,1,0,0,0,0,0,0,0,0,0,0
None,20220502,RO,OrHmbeA3sno,UCtwDEAMxH8GVFr6m7DH8PoQ,A810708922683443,CMG,,Composition,BY10282021CLCOMP050,,T9216169652,,UGC,monetize,Audio,Audio Match,Embedded,Performance,50,1,0,0,0,0,0,0,0,0,0,0
None,20220505,NL,OrHmbeA3sno,UCtwDEAMxH8GVFr6m7DH8PoQ,A810708922683443,CMG,,Composition,BY10282021CLCOMP050,,T9216169652,,UGC,monetize,Audio,Audio Match,Embedded,Mechanical,37.5,1,0,0,0,0,0,0,0,0,0,0
None,20220530,RO,OrHmbeA3sno,UCtwDEAMxH8GVFr6m7DH8PoQ,A810708922683443,CMG,,Composition,BY10282021CLCOMP050,,T9216169652,,UGC,monetize,Audio,Audio Match,Embedded,Mechanical,50,3,0,0,0,0,0,0,0,0,0,0
None,20220510,RO,OrHmbeA3sno,UCtwDEAMxH8GVFr6m7DH8PoQ,A810708922683443,CMG,,Composition,BY10282021CLCOMP050,,T9216169652,,UGC,monetize,Audio,Audio Match,Embedded,Performance,50,2,0,0,0,0,0,0,0,0,0,0
None,20220524,IT,OrHmbeA3sno,UCtwDEAMxH8GVFr6m7DH8PoQ,A810708922683443,CMG,,Composition,BY10282021CLCOMP050,,T9216169652,,UGC,monetize,Audio,Audio Match,Embedded,Performance,50,1,0,0,0,0,0,0,0,0,0,0
None,20220530,NO,OrHmbeA3sno,UCtwDEAMxH8GVFr6m7DH8PoQ,A810708922683443,CMG,,Composition,BY10282021CLCOMP050,,T9216169652,,UGC,monetize,Audio,Audio Match,Embedded,Mechanical,50,1,0,0,0,0,0,0,0,0,0,0
None,20220529,RO,OrHmbeA3sno,UCtwDEAMxH8GVFr6m7DH8PoQ,A810708922683443,CMG,,Composition,BY10282021CLCOMP050,,T9216169652,,UGC,monetize,Audio,Audio Match,Embedded,Performance,50,15,0,0,0,0,0,0,0,0,0,0
None,20220526,RO,OrHmbeA3sno,UCtwDEAMxH8GVFr6m7DH8PoQ,A810708922683443,CMG,,Composition,BY10282021CLCOMP050,,T9216169652,,UGC,monetize,Audio,Audio Match,Embedded,Mechanical,50,4,0,0,0,0,0,0,0,0,0,0
None,20220508,SA,OrHmbeA3sno,UCtwDEAMxH8GVFr6m7DH8PoQ,A810708922683443,CMG,,Composition,BY10282021CLCOMP050,,T9216169652,,UGC,monetize,Audio,Audio Match,Embedded,Performance,50,1,0,0,0,0,0,0,0,0,0,0
None,20220508,RO,OrHmbeA3sno,UCtwDEAMxH8GVFr6m7DH8PoQ,A810708922683443,CMG,,Composition,BY10282021CLCOMP050,,T9216169652,,UGC,monetize,Audio,Audio Match,Embedded,Performance,50,6,0,0,0,0,0,0,0,0,0,0
None,20220511,RO,OrHmbeA3sno,UCtwDEAMxH8GVFr6m7DH8PoQ,A810708922683443,CMG,,Composition,BY10282021CLCOMP050,,T9216169652,,UGC,monetize,Audio,Audio Match,Embedded,Mechanical,50,2,0,0,0,0,0,0,0,0,0,0
None,20220523,RO,OrHmbeA3sno,UCtwDEAMxH8GVFr6m7DH8PoQ,A810708922683443,CMG,,Composition,BY10282021CLCOMP050,,T9216169652,,UGC,monetize,Audio,Audio Match,Embedded,Mechanical,50,2,0,0,0,0,0,0,0,0,0,0
